Keyword,Volume,Organic traffic
ไทวัสดุ,213000,175882
ไทวัสดุใกล้ฉัน,30000,31628
thaiwatsadu,16000,14544
ตู้คอนซูมเมอร์,18000,11696
ไทยวัสดุ,16000,11331
ฟิวเจอร์บอร์ด,24000,9861
สมาร์ทบอร์ด,15000,9705
แผ่นสมาร์ทบอร์ด,15000,9311
ท่อ pvc,24000,8614
ซิงค์ล้างจาน,23000,7263
หลังคาเมทัลชีท,18000,6272
แผ่นอะคริลิคใส,6600,6037
แผ่นยิปซั่ม,13000,5897
พัดลมดูดอากาศ,21000,5885
บันไดอลูมิเนียม,11000,5774
สแลนกันแดด,8700,5768
คิ้วกระเบื้อง,8200,5754
ตู้แช่แข็ง,11000,5727
พลาสวูด,7600,5723
ไฟโซล่าเซลล์,19000,5460
ระแนงไม้เทียม,13000,5276
โซล่าเซลล์,31000,5201
แผ่นพลาสวูด,6000,5185
ราคาอิฐมวลเบา,4800,4931
เครื่องซักผ้า,61000,4872
อิฐมวลเบา,14000,4772
ไทวัสดุ ใกล้ฉัน,13000,4753
สกรู,18000,4735
อลูมิเนียมลายไม้,7300,4710
ไม้กวาดดอกหญ้า,8500,4357
เตาแก๊ส,19000,4265
บานพับประตู,9000,4087
สายไฟ,18000,4060
เครื่องตัดหญ้า,19000,4045
037,145000,4002
ดอกสว่านเจาะปูน,6100,3982
เครื่องปั่นไฟ,9300,3982
ตู้เย็น,60000,3971
ปลั๊กไฟ,40000,3935
แอร์เคลื่อนที่,8800,3926
solar cell,15000,3895
ปูนกาว,5500,3878
สกรูปลายสว่าน,4100,3876
กระเบื้องยาง,18000,3754
สีทาบ้าน,9200,3714
ซีลาย,6000,3683
ลูกบิดประตู,12000,3612
โคมไฟ,24000,3579
เหล็กกล่อง,24000,3566
โคมไฟเพดาน,14000,3485
แผงโซล่าเซลล์,20000,3479
หญ้าเทียม,8700,3419
ราคาท่อ pvc,3900,3406
พัดลมติดผนัง,9500,3404
บันได,31000,3376
เครื่องดูดฝุ่น,29000,3365
ประตูกระจกบานเลื่อน,3900,3336
ประตูบานเลื่อน,21000,3321
สว่านไร้สาย,18000,3246
ราคากระเบื้องปูพื้น 60x60 กล่องละ ไทวัสดุ,3500,3237
ฝ้าเพดาน,13000,3218
เทปพันเกลียว,7500,3128
ราคาเหล็กเส้น,2700,3078
หลอดไฟ led,33000,3059
มือจับประตูบานเลื่อน,3100,3050
เบรกเกอร์,40000,2994
ก๊อกอ่างล้างจาน,3000,2945
ไวร์เมช,5900,2918
ถังขยะ,31000,2910
ราคาอิฐบล็อก,4500,2847
นั่งร้าน,11000,2831
เมทัลชีท,24000,2825
ไทวัสดุเปิดกี่โมง,5000,2773
ตะแกรงเหล็ก,18000,2768
ไม้เฌอร่า,4000,2765
รองเท้าเซฟตี้,15000,2748
ฉนวนกันความร้อน,10000,2747
หน้าต่างบานเลื่อน,15000,2725
ทินเนอร์,12000,2635
ลวดเชื่อมสแตนเลส,3600,2617
ไม้ฝาเฌอร่าราคา,2400,2596
ราคาเหล็กกล่อง,11000,2538
เครื่องชั่งดิจิตอล,5100,2537
ตู้แช่,6900,2502
ร้านวัสดุก่อสร้างใกล้ฉัน,17000,2497
ปั๊มน้ำอัตโนมัติ,2200,2482
มุ้งลวด,6900,2481
โฮลซอเจาะปูน,2100,2458
กาวตะปู,12000,2446
ท่อ ppr,2900,2444
ซีเมนต์บอร์ด,3600,2401
แผ่นเมทัลชีท,8300,2386
อิฐมอญ,5000,2379
ไขควง,17000,2358
กระเบื้องยางแบบม้วน,1300,2345
ลวดหนาม,3400,2339
ปั๊มน้ำ,16000,2315
thai watsadu,3200,2309
ตะแกรงเหล็กฉีก,9100,2247
เก้าอี้พลาสติก,10000,2241
เทปกาว,8000,2228
พุกผีเสื้อ,3800,2213
ถังดับเพลิง,17000,2197
เลื่อยวงเดือน,9200,2177
กรรไกรตัดกิ่งไม้,1900,2154
สีทาภายใน,4300,2149
ปูนกันซึม,1500,2146
วีว่าบอร์ด,3100,2145
ฟิล์มยืดพันพาเลท,1400,2141
กลอนประตู,12000,2139
เบรกเกอร์กันดูด,5400,2122
ไม้ระแนง,8700,2110
สว่านไฟฟ้า,11000,2097
ป้ายทางหนีไฟ,2400,2095
สีดำ,54000,2094
ตู้เซฟนิรภัย,3800,2093
ไทวัสดุ นวมินทร์,3800,2086
คีม,9000,2063
ล้อรถเข็น,9200,2060
ตาข่ายเหล็ก,9500,2027
อิฐบล็อกราคา,4300,2010
เครื่องมือช่าง,15000,1992
หน้าต่างบานเลื่อน 2 บาน ราคา,5400,1975
เครื่องทำน้ำอุ่น,10000,1971
มิเตอร์ไฟฟ้า,12000,1964
ประตู,14000,1963
สะดืออ่างล้างหน้า,8600,1956
ถังดักไขมัน,7100,1943
เหล็กไวร์เมช,2100,1939
ร้านเฟอร์นิเจอร์ใกล้ฉัน,13000,1919
ท่อพีวีซี,3200,1918
แผ่นโพลีคาร์บอเนต,5600,1905
ปั้มน้ําอัตโน มัติ,5200,1893
ร้านขายอุปกรณ์ไฟฟ้าใกล้ฉัน,5200,1888
ไทวัสดุเชียงราย,2400,1881
xx18+,46000,1881
ตาข่ายพลาสติก,9000,1879
ขนาดฟิวเจอร์บอร์ด,1900,1840
ไฟสนามโซล่าเซลล์,1100,1838
หลอดไฟ led แบบยาว,5100,1836
มิเตอร์น้ำ,2800,1819
หัวสปริงเกอร์,6500,1813
เข็มขัดรัดท่อ,2400,1812
น้ำยาลอกสี,2100,1807
เครื่องเป่าลม,5900,1802
ไฟฉาย,17000,1799
ถังแซท,4300,1792
กั้นห้องผนังเบา,2100,1784
ไทวัสดุพระราม 3,2600,1781
แผ่นซีเมนต์บอร์ด,2400,1775
ประตู upvc,6700,1714
ไฟฉุกเฉิน,4100,1690
ชักโครก cotto,5400,1682
แผ่นกันลื่น,1600,1679
เหล็กฉาก,15000,1678
กระดาษทราย,4800,1674
ไม้อัด,11000,1667
อิฐมวลเบาราคา,3500,1661
อิฐบล็อก,16000,1636
อ่างล้างหน้า,17000,1634
ร้านผ้าม่านใกล้ฉัน,4500,1624
ตะแกรงกรงไก่,1500,1618
โซฟา,21000,1606
ฟิวเจอร์บอร์ดแผ่นใหญ่,2000,1605
ปลั๊กพ่วง,11000,1596
สวิตช์ไฟ,21000,1593
แผ่นวีว่าบอร์ด,2200,1589
ไทวัสดุออนไลน์,1400,1589
ท่อpvc,2500,1587
ซีเมนต์กันซึม,1700,1586
ไม้เชิงชาย,2500,1582
พัดลมอุตสาหกรรม,7000,1581
สายฉีดชําระ,4200,1561
ผนังเบา,6300,1560
สปริงเกอร์,11000,1558
ถังน้ำ,10000,1552
ลวดเชื่อม,8500,1549
โคมไฟโซล่าเซลล์,6800,1538
เหล็กฉีก,4000,1537
กันสาด,9600,1533
ปืนฉีดน้ำแรงดันสูง,2000,1533
หลอดไฟ,25000,1531
ปั๊มน้ํา mitsubishi,2400,1524
เหล็กเส้น,4100,1523
เหล็กดัดหน้าต่าง,4500,1521
ตาข่ายถัก,2400,1519
ราคาไม้ฝาเฌอร่า 6 นิ้ว ยาว 3 เมตร ไทวัสดุ,1900,1517
เครื่องเป่าลมร้อน,3200,1517
ประแจเลื่อน,9000,1516
สกรูยิงเหล็ก,1500,1503
โฟมแผ่น,1200,1502
ตู้เก็บเอกสาร,2800,1500
สีย้อมไม้,4200,1491
อิฐช่องลม,2500,1482
ลูกลอยแท็งค์น้ํา,1500,1476
ฝาชักโครก,4600,1440
เคเบิ้ลแกลน,2200,1438
หม้ออบลมร้อน,15000,1430
แปรงขัดส้วม,2000,1421
แคล้มรัดท่อ,2600,1419
ใบตัดเหล็ก 4 นิ้ว,4700,1413
ไท วัสดุ,1900,1408
กระจก,16000,1408
ตู้เชื่อมไฟฟ้า,4400,1395
หินเจียร,10000,1394
ไฟกิ่ง,2100,1382
ไทวัสดุนวมินทร์,1300,1378
รางน้ำ,3200,1371
ประตูไม้,6300,1368
ไทวัสดุ หาดใหญ่,2200,1366
ประแจขันน๊อตใต้อ่าง,500,1359
ไทวัสดุ สาขา,2400,1355
สีกันสนิม,3600,1352
กระเบื้องปูพื้น,21000,1352
กระเบื้องลอนคู่,3900,1350
แอร์,27000,1348
เครื่องปั่นอาหาร,2100,1345
หลังคา,8000,1341
ใบตัดกระเบื้อง,2100,1340
วงกบประตู,6900,1338
สายไฟ thw,8900,1332
ร้านอุปกรณ์ไฟฟ้าใกล้ฉัน,3600,1321
ราคาแผ่นยิปซั่ม,1600,1320
เก้าอี้สำนักงาน,6500,1319
ประตูห้องน้ำ,11000,1318
กระเบื้องหลังคา,6700,1316
เครื่องทําน้ําอุ่น,10000,1313
ลวดผูกเหล็ก,2000,1310
ไทวัสดุ รังสิต,2200,1310
ยางมะตอยถุง,4000,1308
กล่องใส่รองเท้า,3000,1307
ประตูเหล็ก,4700,1305
เสื่อน้ำมัน,3600,1303
ถังเก็บน้ำ,3900,1302
ลูกลอยไฟฟ้า,5100,1301
ไฟเส้น led,2200,1299
อิฐบล็อกช่องลม,1600,1298
พุกเหล็ก,8200,1292
เครื่องสูบน้ำ,4200,1288
ดอกสว่านเจาะกระเบื้อง,1400,1279
ฟิล์มยืด,1200,1274
ไทวัสดุ ศรีสมาน,1800,1270
ไส้ไก่พันสายไฟ,1900,1261
กระเบื้องลายไม้,7800,1261
แผ่นคอนกรีตปูพื้น,800,1259
ไฟดาวน์ไลท์,6900,1255
ปูนฉาบสําเร็จ,4400,1253
ไทวัสดุบางนา,2000,1251
โซลาร์เซลล์,4600,1248
เครื่องดูดควัน,6100,1246
แผ่นฟิวเจอร์บอร์ด,1900,1238
ไม้จ๊อย,1600,1235
อุปกรณ์ไฟฟ้า,8900,1235
เหล็กตัวซี,3000,1232
สีทาเหล็กกันสนิม,1400,1232
ตะแกรงสาน,600,1231
ถังน้ํา 1000 ลิตร,4200,1227
ไดโว่,2400,1223
ติดโซล่าเซลล์,3800,1213
ท่อ pe,6200,1209
ไทวัสดุ บางนา,1800,1201
หลอดไฟ led ยาว,3800,1199
กระดาษชานอ้อย,3600,1198
ไทวัสดุ บางบัวทอง,1800,1196
ไทวัสดุปิดกี่โมง,2800,1191
ไขควงเช็คไฟ,1600,1191
ราคาเมทัลชีท,5200,1189
แผ่นพื้นสมาร์ทบอร์ด,1200,1187
จมูกบันไดอลูมิเนียม,1300,1186
เครื่องฉีดน้ำแรงดันสูง,3700,1185
ปูนปอร์ตแลนด์,2300,1181
สปอร์ตไลท์,11000,1177
โคมไฟถนนโซล่าเซลล์,700,1176
ชุดเครื่องมือช่าง,1400,1175
ปั้มน้ำ,11000,1173
กาวมหาอุด,1100,1172
พลาสติกปูบ่อ,600,1164
บานพับผีเสื้อ,2300,1163
พัดลมระบายอากาศ,7800,1163
แปรงทาสี,6600,1162
ลวดเชื่อมเหล็กหล่อ,1700,1161
แว่นตานิรภัย,2000,1161
ราคาแผ่นฝ้าเพดาน 60x60 ไทวัสดุ,1400,1160
เชือกไนล่อน,6500,1155
ยิปซั่ม,6500,1151
มู่ลี่,8800,1140
ไม้อัด 10 มิล ราคา,2400,1136
เชือกใยยักษ์,1200,1127
บล็อกแก้ว,3200,1126
เทปพันสายไฟ,6300,1124
ร้านขายเหล็กใกล้ฉัน,3000,1123
ประตูบ้าน,8500,1121
แท่นตัดกระเบื้อง,900,1117
ซีไลน์,1600,1116
โถส้วม,6700,1113
ไทวัสดุ ออนไลน์,1000,1111
กาวยาง,6300,1107
ราคาไม้อัด,1600,1106
ไทวัสดุ สุขสวัสดิ์,1700,1105
สีสเปรย์,8400,1105
เครื่องฟอกอากาศ,84000,1104
รถเข็น,15000,1099
ลวดตาข่าย,2300,1099
สีน้ำมัน,5800,1097
สว่านเจาะปูน,2700,1090
ไฟสปอร์ตไลท์,8200,1086
ไทวัสดุพระราม 2,1800,1082
ร้านไฟฟ้าใกล้ฉัน,3000,1081
ยาแนวกระเบื้อง,4100,1079
เครื่องขัดกระดาษทราย,5700,1079
เม ทั ล ชีท ยาว 6 เมตร ราคา ไท วัสดุ,1400,1075
พรมปูพื้น,6300,1075
สังกะสีแผ่นเรียบ,2100,1073
ไม้ระแนงเทียม,3200,1073
ปั๊มลม,5800,1073
บ่อดักไขมัน,4700,1072
พัดลมเพดาน,7300,1072
ไม้อัดยาง,2100,1071
แผ่นฉนวนกันความร้อน,900,1070
ไทวัสดุแจ้งวัฒนะ,1000,1067
ถังดักไขมันใต้ซิงค์,1000,1066
โคมไฟถนน,1500,1061
โต๊ะพับอเนกประสงค์,5400,1058
สายพาน,8600,1055
เครื่องปรับอากาศ,13000,1053
อ่างล้างมือ,3200,1049
เหล็กกล่อง 1x1 นิ้ว ยาว 6 เมตร ราคา ไท วัสดุ,1300,1047
ฝ้าทีบาร์,2100,1045
ไฟ,25000,1044
อ่างล้างจาน,5600,1043
สีทาไม้,6500,1042
ปั๊มหอยโข่ง,4100,1041
ราคาไม้ฝาเฌอร่า,1200,1041
หลอดไฟกลม,5300,1040
แผ่นเมทัลชีท ราคา,2000,1033
กาวทาท่อ,1900,1032
ตาข่ายไฟเบอร์,1100,1032
ค้อน,11000,1031
อีพ็อกซี่,5400,1031
กริลแอร์,1000,1027
ไท วัสดุ สาขา ใกล้ ฉัน,1400,1023
ลูกปูน,1600,1017
แผ่นปูพื้น,4100,1017
แผ่นยิปซั่มราคา,2800,1013
กระเบื้อง,15000,1011
สว่าน,12000,1007
แผ่นปูนสําเร็จ,2700,1007
บานพับประตูเหล็ก,1100,1001
โฟม,4900,999
กาวยาแนว,1400,997
รางประตูเลื่อน,900,994
เครื่องเชื่อมเหล็ก,1400,993
มุ้งลวดหน้าต่าง,2500,993
ดอกเจาะกระเบื้อง,2300,992
เหล็กกล่อง 3x3 ราคา ไทวัสดุ,1200,992
สีทาบ้านภายใน,3600,992
ตู้กับข้าว,6600,989
อิฐมวลเบา ราคา,900,988
ตู้เชื่อม,5100,984
กระเบื้องยางปูพื้น,2600,983
ราวตากผ้า,13000,982
ปืนฉีดน้ําแรงดันสูง,2500,978
ดอกสว่าน,4800,976
รถเข็นพับได้,7400,975
หลังคาใส,2200,972
ราคากระเบื้องยาง ไทวัสดุ,900,965
เหล็กกล่อง 4x4 ราคา ไทวัสดุ,1200,964
หมวกกันน็อคเต็มใบ,10000,959
เครื่องปั่นไฟขนาดเล็ก,1900,945
ไม้ hmr,2600,945
คีมถ่างแหวน,1100,940
เครื่องใช้ไฟฟ้า,14000,940
ชักโครก,18000,933
ไทวัสดุบางบัวทอง,1700,932
ไทวัสดุ แจ้งวัฒนะ,2100,931
โครงผนังเบา,2500,929
ประแจ,18000,928
ราวแขวนผ้า,7000,927
ไม้hmr,900,925
ปูนกาวจิงโจ้,900,924
ชะแลง,3500,920
ปูนซีเมนต์,10000,918
เหล็กกล่อง 3x1.5 ราคา ไทวัสดุ,1300,918
ปูนก่ออิฐมวลเบา,1700,918
ยางรองขาโต๊ะ,900,917
อีพ็อกซี่เสียบเหล็ก,900,915
ปูนเทพื้นสําเร็จรูป,1400,911
แก๊สกระป๋อง,10000,910
ท่อร้อยสายไฟ,3400,909
ลวดสลิง,1500,908
ตู้ไฟคอนซูมเมอร์,900,908
เคาน์เตอร์ครัวปูน,1100,905
กาว,9300,904
ไทวัสดุนครอินทร์,800,904
เหล็ก,10000,903
ชั้นวางของเหล็ก,3900,902
เครื่องจี้ปูน,800,901
ข้อต่อ pvc,7000,899
ร้านขายโฟมใกล้ฉัน,900,897
กระเบื้องห้องน้ำ,7800,897
ดอกสว่านเจาะสแตนเลส,700,894
แผ่นไฟเบอร์ซีเมนต์,1400,894
ผนังกั้นห้องสําเร็จรูป ไทวัสดุ,1000,892
ปั๊มน้ำมิตซู,800,892
โครง ซี ลาย เบอร์ 24 ราคา ไท วัสดุ,1400,891
ไทวัสดุนครปฐม,900,891
สกรูยิงสมาร์ทบอร์ด,900,891
แผ่นฝ้าเพดาน,3400,890
กาวอีพ็อกซี่,4600,890
อะคริลิค,18000,885
ไทวัสดุ ชลบุรี,2000,874
สีรองพื้นปูนเก่า,3400,872
ดาวไลท์,2500,872
อ่างผสมปูน,700,871
น้ำยากันซึม,1400,868
ตาข่าย,6000,867
ไฟเบอร์ซีเมนต์,1600,865
น็อตเกลียวปล่อย,2500,862
พาเลทพลาสติก,4700,861
ใบตัดเหล็ก,4300,857
ก๊อกอ่างล้างหน้า,3700,853
ราคาแผ่นสมาร์ทบอร์ด 6 มม ไทวัสดุ,1100,853
ไม้ถูพื้น,14000,849
เลื่อยจิ๊กซอว์,1000,849
วอลเปเปอร์,86000,849
แผ่นเฌอร่า,800,846
พุกตะปู,2100,843
ไม้เทียม,5000,843
สายยาง 1 นิ้ว,1600,840
แหวนอีแปะ,1600,840
หางปลา,4500,839
ลูกกลิ้งทาสี,4200,837
ชุดอ่างล้างหน้า,400,836
หินคลุก,5800,835
รางน้ําสําเร็จรูป,2600,835
ตัวหนอนปูพื้น,1000,834
ตาราง เมตร ราคาเมทัลชีท ไทวัสดุ,900,832
ไทวัสดุ ตรัง,1100,830
กันสาดสำเร็จรูป,1700,829
ไทวัสดุปทุมธานี,800,829
เครื่องกรองน้ำ,18000,828
ฮูดดูดควัน,3100,827
ถุงขยะ 24*28,2300,827
ตาข่ายคลุมกระบะ,600,826
ไทวัสดุบางพลี,800,825
ปูนลอฟท์,1000,825
กระเบื้องผนังห้องน้ํา,1000,825
แปรงทองเหลืองด้ามยาว,400,823
ผ้าม่าน,14000,822
ผ้าสแลน,1800,820
ฟลัชวาล์ว,1900,819
อะคริลิคใส,3400,818
ปูนขาว,6600,814
สปริงดัดท่อ,1000,814
เลื่อยไฟฟ้า,9400,814
เฟสโพรเทคชั่น,800,813
ประตูรั้วหน้าบ้าน,6600,812
หน้าต่างไม้,2600,811
ถุงขยะ 30*40,2200,808
เหล็กฉากเจาะรู,3200,807
ไม้กวาด,8900,806
บัวพื้น,3400,806
เหล็กตัวยู,900,805
ปูนยาแนว,1500,802
เตาปิ้งย่างถ่าน,700,801
ท่อสายไฟ,1000,799
สกรูเกลียวปล่อย,2700,796
ตู้กดน้ำ,3900,795
โครงซีลาย,1400,794
รางปีกนก,900,793
แผ่นอะคริลิค,16000,793
ถ่าน,8900,790
เหล็กกล่อง 2x1 ราคา ไทวัสดุ,900,789
ไทวัสดุลพบุรี,800,787
ฉนวนกันเสียง,1800,785
เสาปูนหน้า3,700,783
กระจกเงา,8700,783
ตู้ควบคุมไฟฟ้า,1100,781
สายไฟ 2.5,3700,775
ราคากระเบื้องลอนคู่,700,774
ตะปูคอนกรีต,3400,772
เชือก,6900,772
ไทวัสดุสุขสวัสดิ์,700,767
พัดลมโรงงาน,1700,763
ซีลายยาวกี่เมตร,700,763
ไทวัสดุ บางใหญ่,1000,761
ชั้นวางทีวี,7300,760
บานพับ,5600,759
เซอร์กิตเบรกเกอร์,7800,757
แผ่นสังกะสีเรียบ,900,756
โคมซาลาเปา,900,754
ไทวัสดุ เชียงใหม่,2600,750
โคมไฟดาวน์ไลท์,2900,742
ร้านวัสดุใกล้ฉัน,2000,741
แผ่นฝ้าทีบาร์,700,741
บล็อกลอย 2x4,2400,740
กันสาดหน้าต่าง,2500,739
กระเบื้องยางลายไม้,3900,738
ป้ายถังดับเพลิง,2400,738
ร้านไทวัสดุใกล้ฉัน,700,736
ล้อนั่งร้าน,800,736
ราคาแผ่นสมาร์ทบอร์ด 4 มม ไทวัสดุ,900,735
ซิ้งล้างจาน,2400,731
กล่องพัสดุ,10000,731
น้ำมันสน,3100,730
อิฐตัวหนอน,1500,728
รั้วตาข่าย,3800,723
ท่อร้อยสายไฟสีขาว,800,722
แผ่นพื้นสําเร็จ,2400,720
ชั้นวางจาน,2300,720
กระเบื้องไทวัสดุ,600,720
แผ่นโฟม,2400,719
สังกะสี,9800,718
กะละมัง,8800,716
ท่อ pvc 4 นิ้ว ราคา,1700,715
ไทวัสดุบางใหญ่,700,715
เลื่อยตัดไม้,2900,714
แผ่นปูพื้นสมาร์ทบอร์ด,700,714
แผ่นยิปซั่ม 120x240 ราคา,2000,712
ท่อไฟสีขาว,700,710
ซิลิโคน,13000,709
หลังคาบ้าน,2900,709
ไทวัสดุศรีสมาน,700,708
สีทาบ้านภายนอก,3800,708
สว่านโรตารี่,4500,706
ไทวัสดุ สมุทรปราการ,1000,705
สายชำระ,2600,705
ไฟเพดาน,2700,704
ไฟเบอร์ตัดเหล็ก,2500,703
ที่ตัดกระเบื้อง,700,703
เหล็กซีลาย,800,699
พลาสติกใส,3100,696
วายจี้ปูน,700,694
หน้าต่าง,8000,692
อิฐแดง,4300,689
เลื่อยจิ๊กซอ,1900,685
กาวพลังตะปู,800,685
อิฐประสาน,4100,684
หัวปรับแรงดันแก๊ส,900,683
ราคาไม้ฝาเฌอร่า 6 นิ้ว ยาว 4 เมตร ไทวัสดุ,800,681
ราคาอิฐบล็อก ไทวัสดุ,700,680
โฮลซอเจาะไม้,600,679
ดอกโฮลซอเจาะเหล็ก,700,679
หน้ากากแอร์,700,675
แผ่นเพลทเหล็ก,1000,672
หมวกเซฟตี้สีขาว,600,671
บัวฝ้าเพดาน,1000,667
แผ่นไม้อัด,2800,666
อิฐประสาน ราคา,800,665
ก๊อกน้ําซิงค์ล้างจาน,1800,665
แผ่นปูพื้นคอนกรีต,600,665
ตะแกรง,6700,664
บานพับถ้วย,800,663
ถังเก็บน้ํา 1000 ลิตร,2300,663
สังกะสี 12 ฟุต ราคา ไทวัสดุ,1000,663
หลังคาโปร่งแสง,1900,662
กรวยจราจร,3500,662
กั้นห้อง,2400,661
ปูนปรับระดับพื้น,1700,661
รอกโซ่,900,660
ถุงมือยาง,10000,660
ราวบันได,3500,659
ยิปซั่มบอร์ด,1400,658
ราคาปูนผสมเสร็จ,500,657
หน้าต่างอลูมิเนียม,5700,657
ไทวัสดุ พระราม 2,1800,657
แทงค์น้ำ,2500,654
หลอดไฟ led แบบกลม,4500,653
ตู้ไฟ,4300,649
กริ่งไร้สาย,2900,648
ร้านเหล็กใกล้ฉัน,1800,648
กบไสไม้ไฟฟ้า,800,648
รางน้ําฝนสแตนเลส,1100,648
ครอบข้างเมทัลชีท,2400,644
แผ่นฝ้า,1900,642
บันไดนั่งร้าน,600,642
เตาอินฟาเรด,700,638
อะ ค ริ ลิ คใส 120x240 ราคาไทวัสดุ,900,637
สะดืออ่างล้างจาน,4500,636
ผ้าใบฟ้าขาว,400,636
เหล็กกล่อง 1x1 ราคา ไทวัสดุ,700,635
ราคาหลังคาเมทัลชีท,1100,634
แผ่นพื้น,2200,634
ไทวัสดุหาดใหญ่,800,633
ตาชั่งกิโล,1400,633
ลวดเชื่อมกัลวาไนซ์,600,633
ปูนก่อสําเร็จ,1500,632
เคาน์เตอร์ครัว,13000,632
ปั๊มน้ำ mitsubishi,1100,631
ไทวัสดุสมุทรปราการ,600,630
เครื่องเจาะดิน,1700,630
กรรไกรตัดหญ้า,2800,628
ไทวัสดุ บางพลี,1200,628
ถังดับเพลิง ราคา,1300,627
เชิงชาย,3700,626
กระติกน้ำแข็ง,3500,624
ลวดเชื่อมอลูมิเนียม,1200,624
รั้วทางด่วน,4300,623
ประตูเลื่อน,3600,622
ชุดโซล่าเซลล์,450,617
พุกอิฐมวลเบา,450,615
ตาชั่งดิจิตอล,5500,615
ประตูอลูมิเนียม,5700,614
กระบะผสมปูน,1900,612
เสื้อกันฝน,4800,612
ไทวัสดุ ระยอง,1100,612
ตะแกรงเหล็กฉีก ไทวัสดุ ราคา,700,610
ปากกาจับชิ้นงาน,6100,610
รั้ว,4200,610
ตะปู,6300,607
เครื่องฉีดน้ําแรงดันสูง,4200,606
มุ้ง,3700,605
กระจกห้องน้ำ,2400,603
ตลับเมตร,19000,602
ผนังไม้เทียม,1700,602
แผ่นโฟมกันกระแทก,600,602
ใบเลื่อยตัดไม้,700,599
ไทวัสดุ บางแสน,900,598
สีทาฝ้า,1500,597
ดอกเจดีย์,600,596
ตะแกรงไวร์เมช,1200,596
ตอม่อ สําเร็จรูป ไทวัสดุ,900,595
โต๊ะทํางาน ไทวัสดุ,700,595
ขาตั้งทีวี,3100,595
บอลวาล์ว 4 หุน,1600,590
ประตูห้องนอน,5500,589
ไทวัสดุบ้านฉาง,600,589
ยางมะตอย,3900,588
ท่อ hdpe,4400,588
สีทาภายนอก,1800,586
kassa,900,584
เครื่องเชื่อมไฟฟ้า,2100,584
รางน้ำฝน,3600,584
ยาแนว,2800,584
ห้องน้ําสําเร็จรูป ไทวัสดุ,700,584
บล็อกไฟฟ้า,9600,583
ราคาเครื่องตัดหญ้า,450,582
ร้านขายวัสดุก่อสร้างใกล้ฉัน,4000,582
ลวดตาข่ายถัก,450,582
บันไดพับได้,1900,582
กุญแจประตูบานเลื่อน,500,581
น้ำยาประสานคอนกรีต,1500,580
ปลอกคาน,600,579
ลวดเชื่อม 2.6,2400,579
น้ํายาลอกสติ๊กเกอร์,600,578
ป้ายทางออกฉุกเฉิน,700,577
สแลน,2300,577
บันไดสไลด์,1200,576
ลูกปูนหนุนเหล็ก,500,574
แผ่นพื้นสําเร็จรูป ราคา,1600,571
กระบอกอัดจารบี,1600,567
ราคาประตูบานเลื่อน ไทวัสดุ,800,567
ไฟ led เส้น,2100,566
ไทวัสดุ พระราม 3,900,565
พัดลมติดเพดาน,1800,564
พื้นลามิเนต,2500,564
สตาร์ทเตอร์,5300,564
โพลีคาร์บอเนต,2200,563
ดอกสว่านเจดีย์,350,562
จารบี,11000,561
ไม้ปาติเกิล,1100,559
สายยาง,6700,559
ตาข่ายกันนก ไทวัสดุ,700,555
ท่อ pvc 2 นิ้ว ราคา,1500,555
ไทวัสดุกาญจนบุรี,500,554
เบรกเกอร์กันไฟดูด,250,554
ไทวัสดุสระบุรี,900,553
น้ำกลั่น,4000,552
ปั๊มน้ํา,4300,552
แปหลังคา,1100,551
ประตูกระจกบานเลื่อน 2 บาน ราคา,1500,550
ผ้าใบบลูชีท,600,550
รั้วเหล็กกัลวาไนซ์,500,549
เหล็กกล่อง 2x1 ราคา,3500,549
แผ่นยิปซั่มบอร์ด,700,549
เครื่องตัดกระเบื้อง,600,549
รั้วบ้าน,10000,549
ราคาเหล็กกล่องกัลวาไนซ์ ไทวัสดุ,450,549
กรรไกรตัดท่อ pvc,1400,548
เตาถ่านปิ้งย่าง,600,547
เกรียง,2300,547
ปูนสกิมโค้ท,1900,546
เทปกาวกันรั่วซึม,500,545
ไทวัสดุ ขอนแก่น,1100,544
ตาข่ายเหล็กถัก,600,543
ปั้มลม,3500,542
เลื่อยคันธนู,900,539
เหล็กกล่อง 4x2 ราคา,5100,538
เลื่อย,8300,538
คอนกรีต,5600,537
เครื่องเชื่อม,3000,537
ท่อตัน,3700,536
โช๊คประตู,3000,534
บานพับปีกผีเสื้อ,500,534
สีโป๊ว,900,534
เหล็กแผ่น,4500,533
ซิลิโคนยาแนว,700,531
กระเบื้องปูพื้น 40x40 1 กล่อง ราคา,1500,530
แผ่นเพลท,6000,530
ฝาเชอร่า,500,528
ปูนฉาบสําเร็จรูป 50 กก ราคา,1500,527
ไฟสปอร์ตไลท์ led,2300,527
หลังคากระเบื้องลอนคู่,700,527
แผ่นพื้นคอนกรีต,1300,526
ราคาไม้ฝาเฌอร่า 6 นิ้ว ยาว 4 เมตร ไทวัสดุ ราคา,700,526
เหล็กเจาะรู,600,526
หูช้างล็อคประตู,500,526
ร้านเครื่องใช้ไฟฟ้าใกล้ฉัน,4500,524
โคมไฟอ่านหนังสือ,1200,523
แผ่นหลังคาใส,1000,523
ก๊อกซิงค์ล้างจาน,1300,523
ปูนกาวปูกระเบื้อง,2100,522
ร้านปุ๋ย ใกล้ฉัน,1400,521
เครื่องเจียร,3400,520
ไม้เฌอร่า ราคา,800,520
สายยางใส,700,520
แผ่นไม้เฌอร่า,500,519
ดอกโฮลซอเจาะปูน,500,518
กล่องพัสดุ ใกล้ฉัน,1400,518
ร้านเมทัลชีท ใกล้ฉัน,1400,516
สายไฟฟ้า,2600,515
เหล็กเส้น ราคา,450,515
ตาข่ายกรงไก่,1700,513
เหล็กกล่อง 4x4 ราคา,3800,512
ไทวัสดุชัยภูมิ,450,512
บาร์กราวด์,400,512
โต๊ะคอมพิวเตอร์,7100,512
กระเบื้องผนัง,1500,511
แผ่นพื้นสําเร็จรูป ยาว 3 เมตร ราคา,1400,510
ไทวัสดุ ภูเก็ต,800,510
ใบพัดลม hatari 18 นิ้ว,1400,509
แหวนสปริง,1000,508
เหล็กสตัด,1000,508
ราคาเหล็กกล่อง 4x2 นิ้ว ไทวัสดุ ราคา,700,507
พุกพลาสติก เบอร์ 7,1800,507
ใบตัดคอนกรีต,400,507
ถังปั่นถูพื้น,500,507
ลูกกลิ้งทาสี 4 นิ้ว,1700,507
ไฟส่องต้นไม้,600,505
หน้าต่างกระจก,2700,505
ชุดปลั๊กไฟ,450,504
ฉนวนกันความร้อนหลังคา,1300,504
ราคาไม้ฝาเฌอร่า 8 นิ้ว ยาว 4 เมตร ไทวัสดุ,700,502
ไม้ถูพื้น 3m,1400,498
ฝ้า,6200,498
บล็อกช่องลม,2700,497
ตู้เหล็ก,3400,497
สลิง,3700,495
เกียงฉาบฝ้า,450,494
ปูนสําเร็จรูป,2100,494
เชิงชายหลังคา,1300,493
ประตู pvc,1300,493
อิฐ,4700,492
โถสุขภัณฑ์,2700,492
คอนกรีตผสมเสร็จ,2100,491
เหล็กฉาก 2 นิ้ว,1900,491
ขอบคันหิน,1300,489
ฝารองนั่งชักโครก,1500,489
ผ้าใบปูบ่อปลา,250,488
ลวด,4900,488
ปูนจิงโจ้ม่วง,450,488
แผ่นรั้วสําเร็จรูป ไทวัสดุ,600,487
เกรียงฉาบปูน,1300,487
ตู้แช่เครื่องดื่ม,3500,486
ปูนฉาบสำเร็จ,800,486
แผ่นยิปซั่มกั้นห้อง,500,486
คลอรีนผง,600,485
ปลั๊กกราวด์คู่ panasonic,1200,484
ซิลิโคนใส,2100,484
สีทาถนน,900,484
ราคา เหล็กเส้น 3 หุน ไท วัสดุ,600,483
ราคาท่อ pvc 8 นิ้ว ไทวัสดุ,600,483
เตาแก๊สปิคนิค,6800,483
ปูนกาวซีเมนต์,500,482
กระดาษลูกฟูก,4600,481
ไทวัสดุ โคราช,1100,481
แคลมป์รัดท่อ,1100,480
เหล็กกล่อง 1.5x1.5 ราคา ไทวัสดุ,700,480
กระถางต้นไม้,13000,480
พัดลมติดผนัง 16 นิ้ว,1400,478
ร้านขายสีใกล้ฉัน,1300,477
พัดลม hatari,12000,476
ราคาแผ่นสมาร์ทบอร์ด 8 มม ไทวัสดุ,600,476
หน้าต่างบานกระทุ้ง,2100,476
metal sheet,2200,476
เหล็กรางน้ํา 3 นิ้ว ราคา,1300,475
farcent,700,474
สีโป้ว,800,474
โถปัสสาวะชาย,4300,473
เทปพันละลาย,600,472
ไฟเพดาน led,1300,472
พื้นไม้เทียม,2600,469
เก้าอี้สํานักงาน,5800,468
ไม้ฝา เฌอ ร่า 6 นิ้ว ยาว 4 เมตร ราคา,1200,468
ยางมะตอยสำเร็จรูป,500,467
ประตูเหล็กหน้าบ้าน,1500,467
พลาสติกปูบ่อปลา ไทวัสดุ ราคา,500,466
เวอร์เนียร์,9700,466
ไวเมท,900,465
วัสดุก่อสร้าง,5500,465
ระแนงไม้เทียมภายนอก,1300,463
สีสเปรย์กันสนิม,500,462
เชิงชายทูอินวัน,450,462
ปูนฉาบ,1800,462
กระเบื้องแกรนิตโต้,3400,462
สายแลน,10000,461
waxy,900,460
ปูนซีเมนต์ 50 กก. ราคา,1300,460
hoy,700,459
พลาสติกคลุมดิน,1500,459
ขั้วหลอดไฟ e27,1500,458
ผงซักฟอก,10000,457
แผ่นซับเสียง,2700,457
ราคากระเบื้องปูพื้น,2700,456
เครื่องปั๊มน้ำ,1400,456
เต้าตีเส้น,1000,456
อิฐมวลเบา ไทวัสดุ ราคา,600,455
ตู้คอนซูมเมอร์ 6 ช่อง,1200,455
จอบขุดดิน,1100,454
พุกตะกั่ว,3100,454
ร้านเครื่องเสียงใกล้ฉัน,1300,454
wd 40,2500,454
ใบพัดลม,2900,454
ตะแกรงอาร์ค,250,454
กลอนประตูรั้ว,300,453
กระจกอลูมิเนียม,1700,453
ช่องเซอร์วิส,2300,453
ถังเก็บน้ํา,2100,452
ไฟระย้า,2200,452
เสื้อสะท้อนแสง,4600,452
จมูกบันได,4900,451
ไม้พื้นเทียม,1100,450
ยางบวมน้ำ,450,450
ราคาหน้าต่างบานเลื่อน,800,450
สมาร์ทบอร์ดเซาะร่อง,450,450
ไทวัสดุ พัทยา,800,450
รางบานเลื่อน,400,449
ลูกหมูไฟฟ้า,450,449
ท่อpe,1500,448
นั่งร้านเหล็ก,450,448
ระแนงไม้,2500,448
ขนาดอิฐมวลเบา,2400,448
ไม้,6800,447
ตู้เซฟ,7500,447
สายรัดพลาสติก,1100,447
โครงคร่าว,800,446
พัดลมอุตสาหกรรม 18 นิ้ว,1300,446
เหล็กกล่อง 2x1 หนา 1.2 ราคา ไท วัสดุ,600,446
กระติกเก็บความเย็น,5600,444
หลังคาเมทัลชีท pu โฟม ราคา,1200,444
ถังแซท 1000 ลิตร ราคา,1200,444
สายไฟเบอร์ 4,1700,443
ท่อนิ้วครึ่ง,400,441
ไม้อัดกันน้ำ,350,441
ไทวัสดุ ศรีราชา,1400,441
กระเบื้องปูพื้นลายไม้,1300,440
ฝ้าเพดาน ราคา,600,440
ไทวัสดุ สระบุรี,1800,440
เกลียวเร่ง,1600,440
ราคาเหล็กกล่องกัลวาไนซ์,1200,439
เครื่องอัดฉีดแรงดันสูง,400,439
เทปกันรั่วซึม,400,439
สว่านไฟฟ้าไร้สาย,2100,438
สีรองพื้น,3300,438
เมทัลชีท pu foam ราคา ไทวัสดุ,700,437
สีทอง,12000,437
ราคาฝ้าเพดาน,500,437
เสารั้วลวดหนาม 3 นิ้ว ราคา ไทวัสดุ,600,436
เครื่องชั่ง,2800,436
ราคาปั้มน้ำ,350,435
ท่อ pvc 1/2 นิ้ว ราคา,1200,435
ไดร์เป่าลมร้อน,450,435
ไทวัสดุชัยนาท,400,435
ใบตัดกระเบื้อง 4 นิ้ว,1000,434
ร้านขายกล่องพัสดุ ใกล้ฉัน,2700,434
เหล็กฉากรู,1000,433
ไฟโซล่าเซลล์สนาม,400,433
ตู้กุญแจ,250,433
เครื่องตัดเหล็ก,2800,433
อีเตอร์,1000,432
ลูกเหม็น,4900,432
ตาข่ายกันนก,8900,431
ราคาท่อ pvc 2 นิ้ว,1000,431
นั่งร้าน ราคา,700,429
ราคาประตูบ้าน ไทวัสดุ,350,429
rowel,1200,429
สายเชื่อม,1200,429
ลวดเชื่อมอาร์กอน,600,429
ติดตั้งเครื่องทำน้ำอุ่น,400,429
แผ่นหลังคาเมทัลชีท,1700,428
เตียงนอน,9400,428
เซี้ยมพลาสติก,400,427
ปูนสําเร็จรูป เทพื้น,1000,427
ไทวัสดุรังสิต,900,427
ท่อประปา,2100,426
สีทาภายในโทนสว่าง,1200,426
มือจับประตู,6000,426
อลูมิเนียมกล่อง,1100,425
ครอบสันหลังคา,700,425
ยูเนี่ยน pvc,2000,424
ลวดหนาม 100 เมตร ราคา ไทวัสดุ,700,424
รองเท้า safety,2100,423
แผ่นเรียบ,1700,422
ฝาถังแซท,400,422
ช่องลมระบายอากาศ,1300,422
ขนาดอิฐบล็อก,3500,422
ปลั๊กกราวด์คู่,4100,421
ฟิตเทปดึงสายไฟ,400,421
อุปกรณ์ช่าง,4000,421
แผ่นปิดรอยต่อหลังคา,900,421
พรมดักฝุ่น,1100,419
สีทาหลังคา,1300,419
ข้อต่อตรง,1500,419
วัสดุก่อสร้างใกล้ฉัน,4400,418
เลเซอร์วัดระดับ,2400,418
ปูนแดง,1700,418
กระเบื้องลายหินอ่อน,5400,417
ราคาโครงผนังเบา c และ u ราคา,800,417
หน้าต่างบานเกล็ด,1600,417
สีสเปรย์กระป๋อง,1100,416
ประตูห้องน้ํา pvc,1100,416
รางลิ้นชัก,1100,415
ปูนซีเมนต์ผสมเสร็จ,400,415
รั้วสําเร็จรูป,1700,415
ท่อเดินสายไฟ,1300,414
ก๊อกสนาม,2400,413
พัดลมดูดอากาศห้องน้ำ,400,413
ราคาท่อ pvc 4 หุน,1300,412
แผ่นโฟเมก้า ไทวัสดุ ราคา,500,411
กระจกบานเลื่อน,2200,410
ท่อหด,2800,410
ไทวัสดุ นครอินทร์,600,410
ไวร์เมช 4 มิล,1900,410
กระเบื้องยาง ไทวัสดุ,250,410
ช่องลม,2000,409
แผ่นโพลีคาร์บอเนต ราคา,800,409
เต้ารับ,6100,408
ราคาท่อ pvc ไทวัสดุ,400,407
กระเบื้องไตรลอน,400,406
สีหลังคาเมทัลชีท,1400,406
เหล็กกัลวาไนซ์,9100,405
กันดูด,300,404
ร้านกล่องพัสดุ ใกล้ฉัน,1100,404
ไม้ฝาเฌอร่า 6 นิ้ว,1000,404
ปูนอุดรอยรั่ว,300,404
ใบพัดลม hatari 16 นิ้ว,1100,401
ประตูพร้อมวงกบ,400,401
บอลวาล์ว 1 นิ้ว,1100,401
ราวจับสแตนเลส,500,401
มีดขอ,700,400
ปูนกาวจิงโจ้ม่วง,400,399
พื้นไม้,3100,399
กบไสไม้,3400,399
ราคาแผ่นสมาร์ทบอร์ด 20 มม ไทวัสดุ,500,398
อิฐช่องลม ไทวัสดุ,400,398
หลังคาสังกะสี,700,398
ราคาท่อ pvc 4 นิ้ว,700,398
ทินเนอร์ ราคา,1100,398
น้ำมันซักแห้ง,350,397
ไฟประดับ,1400,396
แผ่นอลูมิเนียม,4400,395
ไทวัสดุศรีราชา,350,395
หน้าต่างอลูมิเนียมบานเลื่อน,1100,395
โคมไฟกันน้ำ,400,395
รถเข็นของ,3500,395
ไม้โครง,1100,395
เบรคเกอร์กันดูด,400,394
ปูนเทสําเร็จรูป 50 กก ราคา,1100,394
กระเบื้องยาง spc,4200,393
ไม้ฝา,1500,393
ไม้อัดสัก,400,393
ปูนเท,350,392
เมทัลชีทลายไม้ ไทวัสดุ,400,392
เบาะรองนั่ง,7900,392
ราคาท่อ pvc 6 นิ้ว ไทวัสดุ,400,391
ประตูไม้สัก,1400,391
ท่ออ่อนร้อยสายไฟ,1400,390
บานเกล็ด,2900,390
ชั้นวางของเหล็กฉาก ไทวัสดุ,400,389
เลื่อยชักไฟฟ้า,300,389
ราคาเครื่องซักผ้า,2700,388
ร้านขายสี ใกล้ฉัน,1100,388
ถ่านไฟฉาย,8400,388
กล่องไปรษณีย์,4900,387
ราคาไม้พื้นเฌอร่า 8 นิ้ว ยาว 3 เมตร ไทวัสดุ,500,387
แอร์ tcl,4300,386
ลายกระเบื้องห้องน้ํา ไทวัสดุ,500,386
ชั้นวางของสแตนเลส,700,386
แผ่นวีว่าบอร์ด 20 มม. ราคา,1100,386
ตู้รองเท้า,2900,386
ใบตัดเหล็ก 14 นิ้ว,1400,385
ไขควงปากแฉก,1000,385
ผ้าใบสีฟ้า,350,384
ปูนฉาบอิฐมวลเบา,1900,384
ไพพ์แฮงเกอร์,350,383
คอนกรีตแห้ง,800,383
ท่อppr,1400,383
กระจกโค้งจราจร,1300,383
ไม้ระแนง 3 นิ้ว ราคาไทวัสดุ,400,382
วัสดุ,7700,382
