query,src,vol,traf
pinterest,🅰️,9960000,9658428
capcut template,🅰️,2200000,255931
91 club login,🅰️,1710000,82115
happy valentine's day,🅰️,1700000,26855
pinterest video download,🅰️,1510000,39096
wallpaper,🅰️,1420000,166206
mehndi design,🅰️,1270000,221703
simple mehndi design,🅰️,1270000,96984
з днем народження,🅰️,1180000,13461
sand77,🅰️,1130000,50756
india map,🅰️,1090000,16630
royal front hand mehndi design,🅰️,999000,253405
happy new year 2026,🅰️,942000,110675
pintrest,🅰️,935000,799734
multiplication chart,🅰️,934000,40521
birthday wishes,🅰️,922000,42992
fondos de pantalla,🅰️,839000,147022
template by editprotips,🅰️,825000,131370
mehndi design simple,🅰️,766000,46152
vision board,🅰️,738000,37465
ringtone download,🅰️,676000,377507
september 2025 calendar,🅰️,649000,49076
dinner ideas,🅰️,616000,14892
с днем рождения,🅰️,571000,34324
p,🅰️,559000,16476
91 club game,🅰️,520000,31265
whatsapp logo,🅰️,500000,19095
happy new year gif,🅰️,492000,30172
แผนที่ประเทศไทย,🅰️,486000,171704
rangoli,🅰️,479000,26763
home decor ideas,🅰️,474000,73874
catherine the great furniture,🅰️,468000,22124
snapchat planets,🅰️,443000,39911
jeinz macias,🅰️,435000,63824
main bazar panel chart,🅰️,430000,31034
wallpaper hd,🅰️,411000,53770
taper fade,🅰️,403000,42784
low fade haircut,🅰️,398000,8305
happy birthday images,🅰️,395000,11762
2025 calendar,🅰️,378000,10728
coloring pages,🅰️,376000,16550
russian girl,🅰️,372000,13905
motivational quotes,🅰️,372000,12516
background image,🅰️,369000,15124
black wallpaper,🅰️,356000,43258
с крещением,🅰️,354000,128524
dp,🅰️,352000,24655
easy mehndi design,🅰️,349000,13395
mehandi design,🅰️,335000,43473
girl names,🅰️,327000,28558
з днем народження жінці,🅰️,324000,17639
girl photo,🅰️,323000,27457
wolf cut,🅰️,312000,11983
gorilla casino,🅰️,310000,9525
pfp,🅰️,309000,90258
funny memes,🅰️,309000,17682
blouse designs,🅰️,308000,67160
blouse design,🅰️,307000,24754
hanuman,🅰️,303000,8178
italian beard,🅰️,302000,28824
happy new year,🅰️,294000,23167
indian map,🅰️,292000,14346
cute wallpapers,🅰️,290000,48894
mandala art,🅰️,288000,19588
myntra logo,🅰️,286000,39352
breckie hill,🅰️,286000,12490
sophie rain leaks,🅰️,280000,26597
happy pongal,🅰️,276000,23703
5201314 meaning,🅰️,273000,32089
bianca censori before kanye,🅰️,273000,16562
mehndi designs,🅰️,272000,31524
gacor108,🅰️,271000,14174
blouse back design,🅰️,270000,53582
aesthetic wallpaper,🅰️,269000,38487
basic easy front hand simple mehndi design,🅰️,267000,17255
small apartment decorating,🅰️,266000,103073
keto desserts no bake,🅰️,266000,16004
instagram bio,🅰️,265000,17043
meme,🅰️,263000,26824
happy new year images,🅰️,261000,10659
quotes,🅰️,260000,10795
tablas de multiplicar,🅰️,254000,17885
ayodhya ram photo,🅰️,253000,17208
low fade,🅰️,253000,9429
anime wallpaper,🅰️,252000,47482
valentines nails,🅰️,252000,15808
wallpaper for pc,🅰️,251000,34526
birthday wishes for sister,🅰️,249000,10688
xxxxl shirts 2024,🅰️,249000,7656
ram mandir photo,🅰️,248000,92247
з днем святого валентина,🅰️,245000,24870
mehndi design easy and beautiful,🅰️,245000,23814
galentines,🅰️,244000,31096
happy new year 2025 wishes,🅰️,243000,24040
stitch png,🅰️,242000,35310
things to draw,🅰️,242000,17163
arabic mehndi design,🅰️,239000,32516
4k wallpaper,🅰️,237000,36486
naruto drawing,🅰️,232000,15346
calendario 2025,🅰️,229000,11103
mehendi design,🅰️,228000,54070
田中真美子 バスケ,🅰️,222000,8545
easy ram mandir rangoli,🅰️,219000,79994
tattoo,🅰️,219000,27536
доброе утро,🅰️,219000,13389
mehandi ki design,🅰️,216000,34522
tattoo ideas,🅰️,216000,25738
ringtone,🅰️,215000,27729
low taper fade,🅰️,213000,31579
بنترست,🅰️,212000,210000
bullet journal ideas,🅰️,207000,93507
nail designs,🅰️,207000,31268
pin,🅰️,206000,172227
tiktok emojis,🅰️,205000,11128
front hand mehndi design,🅰️,204000,9291
wolf cut men,🅰️,203000,12183
пінтерест,🅰️,198000,7916
crk codes,🅰️,198000,7623
murugan images,🅰️,197000,43393
anime girl,🅰️,196000,12478
wallpaper 4k,🅰️,195000,44242
fulani braids,🅰️,195000,12512
anime drawing,🅰️,192000,19346
bubble letters,🅰️,192000,12501
calendario dicembre 2024,🅰️,189000,11372
whatsapp dp,🅰️,188000,36039
mehndi,🅰️,187000,12332
cursive alphabet,🅰️,186000,10873
big777,🅰️,186000,9696
desi bhabhi,🅰️,185000,22999
slides go,🅰️,184000,8076
stylish back hand mehndi design,🅰️,182000,17147
instagram bio for boys,🅰️,182000,14519
koko88,🅰️,181000,9460
caratulas de lenguaje,🅰️,179000,12037
funny pictures,🅰️,176000,53655
4k wallpaper for pc,🅰️,175000,30865
fade haircut,🅰️,175000,12167
p999 game,🅰️,174000,12975
english bf,🅰️,174000,11679
keraton4d,🅰️,174000,9133
instagram stylish royal front hand mehndi design,🅰️,172000,72791
background images,🅰️,171000,16197
mens haircuts,🅰️,170000,10217
nail inspo,🅰️,168000,20340
cute drawings,🅰️,168000,17345
caratula de lenguaje,🅰️,168000,11073
naga1001,🅰️,166000,8651
ipo138,🅰️,165000,8636
caratulas de matematicas,🅰️,165000,8444
insta dp,🅰️,164000,143292
mahadev wallpaper,🅰️,163000,27535
gái xinh,🅰️,162000,58803
mega288.com - links,🅰️,162000,18997
craft ideas,🅰️,161000,21018
dti codes,🅰️,160000,14530
bed design,🅰️,160000,13173
hgo909,🅰️,158000,8255
happy new year 2025,🅰️,157000,124896
hình nền,🅰️,157000,10105
mehendi design simple,🅰️,155000,12176
background design,🅰️,155000,9929
привітання з днем народження жінці,🅰️,154000,16057
painting,🅰️,154000,11174
youtube logo,🅰️,153000,41767
aesthetic mehndi design,🅰️,152000,19764
yasmina khan,🅰️,151000,11383
mehandi,🅰️,151000,10171
2026 calendar printable,🅰️,150000,7998
stranger things wallpaper,🅰️,147000,24759
hanuman ji photo,🅰️,146000,8876
vision board ideas,🅰️,144000,24629
fall nails 2025,🅰️,142000,52694
iphone wallpaper,🅰️,141000,16267
asura scans,🅰️,139000,13084
capcut template slow motion,🅰️,139000,8364
cute new year wishes for friends,🅰️,138000,12636
राम मंदिर अयोध्या फोटो,🅰️,138000,7932
goofy ahh pictures,🅰️,137000,70852
hình nền máy tính,🅰️,137000,25534
aaryaeditz org,🅰️,137000,20159
mehandi ka design,🅰️,137000,17028
happy mahashivratri,🅰️,136000,31540
з днем ангела оксана,🅰️,136000,10725
indian flag dp,🅰️,136000,9107
mirabel encanto,🅰️,136000,9066
front page design,🅰️,135000,22189
carte de vœux gratuite à télécharger 2026,🅰️,135000,15841
hình nền đẹp,🅰️,135000,13262
รูปการ์ตูน,🅰️,135000,9088
good morning message for her,🅰️,135000,9001
formal letter format,🅰️,134000,9511
pop design,🅰️,133000,30572
маникюр 2024,🅰️,133000,21799
birthday wishes for husband,🅰️,133000,8689
fruits name,🅰️,132000,20857
mehndi design easy,🅰️,132000,13829
wallpaper photo,🅰️,132000,13685
positive short positive new year quotes,🅰️,132000,12464
calendar october 2025,🅰️,132000,7934
67 wallpaper,🅰️,131000,28913
ảnh,🅰️,131000,18390
safar ki dua,🅰️,131000,8885
доброе утро картинки,🅰️,131000,8284
morning chart,🅰️,130000,8550
cat eye nails,🅰️,129000,17598
goku drawing,🅰️,129000,14930
91 club hack,🅰️,127000,50066
february 2023 calendar,🅰️,127000,16318
palm mehndi front hand simple mehndi design.,🅰️,126000,55508
anime wallpaper 4k,🅰️,124000,19620
easy modern back hand mehndi design,🅰️,123000,78227
stitch wallpaper,🅰️,123000,32211
календар 2025,🅰️,123000,14378
pink background,🅰️,123000,10702
hello kitty wallpaper,🅰️,122000,33367
ảnh anime,🅰️,121000,11299
silver chain for men,🅰️,121000,9174
happy new year meme,🅰️,120000,8069
mullet,🅰️,119000,12725
sexy bhabhi,🅰️,118000,19945
sims 4 mods,🅰️,118000,18233
hot bhabhi,🅰️,118000,17140
2026 new year wishes,🅰️,117000,17158
snap planets,🅰️,117000,13860
india map with states,🅰️,117000,8924
fondo de pantalla,🅰️,116000,26323
bridal mehndi design,🅰️,115000,36862
goofy ahh,🅰️,114000,42170
template by capcut,🅰️,114000,18037
pinterst,🅰️,112000,95600
з водохрещем,🅰️,112000,12365
صور بنات,🅰️,111000,27013
פינטרסט,🅰️,110000,116090
สวัสดีวันพฤหัสบดี,🅰️,110000,12201
valentine nails,🅰️,110000,10914
culonas,🅰️,109000,27752
картинки з днем народження,🅰️,109000,14986
mahashivratri quotes in hindi,🅰️,109000,13836
application for leave,🅰️,109000,11167
happy mothers day images,🅰️,109000,8403
instagram dp,🅰️,108000,74684
classroom center,🅰️,108000,12127
flower png,🅰️,108000,8960
hd wallpapers,🅰️,107000,22050
symbol aesthetic,🅰️,107000,8017
capcut template new trend,🅰️,107000,8017
bf vibes,🅰️,105000,12277
unique girl names,🅰️,105000,8806
september calendar 2025,🅰️,105000,8025
healing thailand capcut template,🅰️,105000,7860
bonne année 2026 gif animé gratuit,🅰️,104000,37624
sweetie fox,🅰️,104000,9803
backgrounds,🅰️,104000,8281
з новим роком 2026 картинки,🅰️,104000,7818
february 2025 calendar,🅰️,103000,15097
editing bank,🅰️,103000,9653
kpop demon hunters coloring pages,🅰️,103000,8818
premanand ji maharaj photo,🅰️,101000,39997
wallpaper for laptop,🅰️,101000,19641
สวัสดีวันจันทร์,🅰️,100000,13086
red background,🅰️,100000,12186
calendario 2025 chile,🅰️,100000,11748
body parts name,🅰️,100000,9670
100 days of school ideas,🅰️,99000,33837
instagram bio for girls,🅰️,98000,45972
cute backgrounds,🅰️,98000,15653
anime photo,🅰️,98000,13330
elegant classy winter nails,🅰️,96000,21244
troll face,🅰️,95000,15286
instagram highlight cover,🅰️,95000,9598
anny walker,🅰️,95000,9430
zellbury lawn sale,🅰️,95000,8873
lotus mehndi design,🅰️,94000,39100
instagram stylish back hand mehndi designs,🅰️,93000,33708
ảnh gái xinh,🅰️,93000,16854
front full hand mehndi design,🅰️,92000,40531
tattoo designs,🅰️,92000,11124
new year background,🅰️,92000,9015
modern mullet,🅰️,91000,14458
mehandi designs,🅰️,91000,13824
สวัสดีวันศุกร์,🅰️,91000,11445
lovers day list,🅰️,91000,10950
printrest,🅰️,90000,85659
landscaping ideas,🅰️,90000,29468
cv lamaran kerja,🅰️,90000,13062
preppy wallpaper,🅰️,90000,9242
пинтерест,🅰️,89000,103657
vilom shabd,🅰️,89000,13748
warrior cut,🅰️,88000,17811
short haircuts for women,🅰️,88000,9965
shag haircut,🅰️,87000,19597
stylish simple mehndi design,🅰️,86000,24865
з днем народження картинки,🅰️,86000,11807
hình nền điện thoại,🅰️,86000,11241
modern ..mehndi design instagram,🅰️,86000,8588
profile picture,🅰️,85000,14433
birthday party ideas,🅰️,85000,10010
матрица совместимости,🅰️,85000,9948
صباح الخير,🅰️,85000,7612
ram ji photo ayodhya,🅰️,84000,34475
mbti 相性,🅰️,84000,11463
маникюр 2025,🅰️,83000,31308
gojo drawing,🅰️,83000,9820
خلفيات,🅰️,82000,19919
wallpaper for phone,🅰️,82000,16073
haircuts,🅰️,81000,19520
meme mèo,🅰️,81000,9967
drawing images,🅰️,81000,9101
bio for instagram for girl,🅰️,81000,8552
hindi letters,🅰️,81000,7969
ảnh meme,🅰️,80000,10622
открытка с днем рождения женщине,🅰️,80000,9387
mehndi design 2024,🅰️,79000,32488
wallpaper hd 4k,🅰️,79000,15251
mullet cut,🅰️,78000,20468
вітання з днем народження жінці,🅰️,78000,8266
สวัสดีวันพุธ,🅰️,78000,7842
free fire photo,🅰️,77000,45084
krishna wallpaper hd 4k,🅰️,77000,28569
resume sample,🅰️,77000,15973
สวัสดีวันอังคาร,🅰️,77000,9755
valentine box ideas,🅰️,77000,7978
valentines day wallpaper,🅰️,76000,32832
mehandi ke design,🅰️,76000,27586
graduation party ideas,🅰️,76000,14804
cute nails,🅰️,76000,9804
barndominium plans,🅰️,76000,8073
wallpaper for pc 4k,🅰️,76000,7956
মেয়েদের পিক,🅰️,75000,38612
virat kohli photo,🅰️,75000,15731
mullet haircut men,🅰️,75000,14556
สวัสดีวันเสาร์,🅰️,75000,9529
beautiful girl,🅰️,74000,15151
monkey thinking meme,🅰️,74000,14975
gender reveal ideas,🅰️,74000,10981
ตกแต่งใบงาน,🅰️,74000,9633
pulwama attack quotes,🅰️,73000,10818
banner background,🅰️,73000,8261
рисунок на 23 февраля,🅰️,72000,26010
anime girls,🅰️,72000,16061
mehedi desing,🅰️,72000,11935
картинки,🅰️,72000,11091
emoji meaning,🅰️,71000,37945
桌布,🅰️,71000,13742
สวัสดีวันอาทิตย์,🅰️,71000,9841
bianca censori outfits,🅰️,70000,25283
call ringtone download,🅰️,70000,11584
certificate for project,🅰️,69000,33599
cute mehndi design for kids,🅰️,69000,11540
infodost com,🅰️,69000,10333
bengkel 69,🅰️,69000,10077
january nail ideas,🅰️,69000,9344
december 2025 calendar,🅰️,69000,8095
happy monday,🅰️,69000,7830
mahandi dijain photo,🅰️,68000,28294
burst fade mullet,🅰️,68000,25289
stitch coloring pages,🅰️,68000,10578
radha krishna wallpaper hd 4k,🅰️,67000,31729
new blouse sleeves design,🅰️,66000,31998
nail designs 2024,🅰️,66000,26753
cortes de pelo mujer 2024,🅰️,66000,23818
desktop wallpaper 4k,🅰️,66000,15709
shiv parvati images,🅰️,66000,13885
valentine's day wallpaper,🅰️,66000,11557
diy furniture projects,🅰️,65000,23567
cute wallpaper,🅰️,65000,14192
background hd,🅰️,65000,8286
y2k outfits,🅰️,64000,24231
organization hacks,🅰️,64000,18966
dp for whatsapp,🅰️,63000,12164
taglio capelli uomo,🅰️,63000,10692
beautiful girl photo,🅰️,63000,8011
high quality murugan images,🅰️,62000,32176
naruto photo,🅰️,62000,29099
beginner simple mehndi designs for kids,🅰️,62000,26275
ios 26 wallpaper,🅰️,62000,22531
sims 4 cc,🅰️,62000,19227
cartoon images,🅰️,62000,13307
hello kitty coloring pages,🅰️,62000,9804
t-shirt roblox girl,🅰️,61000,10159
username for instagram for girl,🅰️,61000,9293
gaming logo,🅰️,60000,15915
fish drawing,🅰️,60000,9268
berlin toto,🅰️,60000,8796
valentines background,🅰️,60000,8679
small aesthetic henna designs,🅰️,59000,44915
шикарні букети з днем народження,🅰️,59000,27645
among us memes,🅰️,59000,15601
hd wallpaper 4k,🅰️,59000,12766
biodata format,🅰️,59000,10807
black wallpaper 4k,🅰️,58000,18329
電腦桌布,🅰️,58000,16604
جمعة مباركة,🅰️,58000,14735
xxxtentacion wallpaper,🅰️,58000,9491
rukmini vasanth hot,🅰️,58000,9056
rhyme without reason,🅰️,58000,9004
cute coloring pages,🅰️,58000,8624
มีม,🅰️,58000,7934
animal cell diagram,🅰️,57000,11315
kpop demon hunters wallpaper,🅰️,57000,11315
bachira,🅰️,57000,8089
nail designs 2025,🅰️,56000,24642
привітання з днем святого валентина,🅰️,56000,8917
modern mullet fade,🅰️,55000,8902
bio for instagram for boy,🅰️,54000,11581
live wallpaper for pc,🅰️,54000,11079
finger mehndi design,🅰️,54000,9599
girl pic,🅰️,54000,8092
aesthetic drawing,🅰️,53000,24250
жінці вишукані листівки з днем народження,🅰️,53000,19355
coi leray braids,🅰️,53000,9116
hot aunty,🅰️,52000,12122
anime pfp,🅰️,52000,11825
lehenga blouse design,🅰️,52000,10721
wallpaper images,🅰️,52000,9802
vision board pictures,🅰️,52000,8965
cricket logo,🅰️,52000,8430
สีผม2สีผมสั้น,🅰️,52000,7672
chapri hairstyle,🅰️,52000,7615
iphone hanuman wallpaper,🅰️,51000,32942
valentines wallpaper,🅰️,51000,14705
instagram profile picture,🅰️,50000,30616
1080p shri ram photo hd,🅰️,50000,20563
pintrist,🅰️,48000,38162
iphone krishna wallpaper,🅰️,48000,28742
gojo photo,🅰️,48000,21736
beginner cute simple mehndi designs for front hands,🅰️,48000,19513
mehndi designs simple,🅰️,48000,8804
happy anniversary images,🅰️,48000,8490
old money outfits,🅰️,47000,31392
radha krishna love black wallpaper,🅰️,47000,25887
stylish finger mehndi design,🅰️,47000,19542
hear me outs,🅰️,47000,17912
shiv parvati love art,🅰️,47000,10079
dark wallpaper,🅰️,47000,9214
100th day of school ideas,🅰️,46000,23314
avatar vô tri,🅰️,46000,19128
peppa pig house wallpaper,🅰️,46000,18382
xnxubd video bokeh full bokeh lights video bokeh google earth 2021 new link japan,🅰️,46000,18354
frock design 2024,🅰️,45000,27528
bridal mehndi design 2024,🅰️,45000,17572
diwali wishes in hindi,🅰️,45000,9048
ff logo,🅰️,45000,8107
studio background,🅰️,44000,26402
t-shirt roblox boy,🅰️,44000,17512
tanjiro drawing,🅰️,44000,16746
nieuwjaarsbrief,🅰️,44000,16338
shivaji maharaj photo 3d,🅰️,44000,15946
iphone wallpaper 4k,🅰️,44000,10697
living room ideas,🅰️,44000,9736
bmw wallpaper 4k,🅰️,44000,9715
heart touching birthday wishes for daughter from mother,🅰️,44000,8834
front hand simple mehndi design aesthetic,🅰️,43000,20061
itachi uchiha wallpaper 4k,🅰️,43000,19863
с масленицей,🅰️,43000,15737
new ringtone download,🅰️,43000,11830
gros cul,🅰️,43000,11017
wallpaper flare,🅰️,43000,10244
今年最新早安圖,🅰️,43000,9513
tranh tô màu,🅰️,43000,9278
best wallpaper,🅰️,43000,8786
laptop wallpaper 4k,🅰️,43000,8447
สวัสดี วันพฤหัสบดี รูปภาพ ใหม่,🅰️,42000,26486
attitude photoshoot poses for boys,🅰️,42000,20621
naruto wallpaper,🅰️,42000,19033
royal back hand mehndi design,🅰️,42000,15524
peta malaysia,🅰️,42000,12423
tamil aunty,🅰️,42000,12067
girls dp,🅰️,42000,9726
instagram stylish hidden face girl pic,🅰️,41000,24076
demon slayer wallpaper,🅰️,41000,18208
hanuman wallpaper 4k,🅰️,41000,16064
с днем влюбленных,🅰️,41000,15506
goku wallpaper,🅰️,41000,14211
simple cute easy paintings,🅰️,40000,23313
girl dp,🅰️,40000,22722
whatsapp about lines,🅰️,40000,15662
4k wallpaper for mobile,🅰️,40000,8075
dti codes 2024,🅰️,40000,7576
girl mehndi design,🅰️,39000,18614
easy simple finger mehndi design,🅰️,39000,18099
girl photo dp,🅰️,39000,14952
cortes de cabelo feminino 2024,🅰️,39000,14290
ralph lauren christmas,🅰️,39000,14011
instagram username,🅰️,39000,11669
з днем валентина,🅰️,39000,11315
ugly dog,🅰️,39000,7673
best dp for instagram for girl,🅰️,38000,21909
logo v ff,🅰️,38000,20014
labubu wallpaper,🅰️,38000,19976
dark wallpaper 4k,🅰️,38000,17619
flag jai shree ram,🅰️,38000,9112
shivjayanti banner design,🅰️,37000,16908
easy line drawing,🅰️,37000,13855
memes download,🅰️,37000,9975
gái đẹp,🅰️,37000,8196
guten morgen bilder,🅰️,37000,7975
free printable football squares pdf,🅰️,36000,17883
kakashi photo,🅰️,36000,17744
contoh gambar pemandangan alam yang mudah ditiru,🅰️,36000,16422
classy instagram bio,🅰️,36000,13882
minimal mehndi design,🅰️,36000,13510
fancy new blouse design,🅰️,36000,13294
26 january shayari,🅰️,36000,10134
tattoos for men,🅰️,36000,8330
wedding ideas,🅰️,35000,24200
เล็บเจล,🅰️,35000,20661
lotus mehndi design back hand,🅰️,35000,16575
mahadev wallpaper hd 4k,🅰️,35000,16223
capybara cute,🅰️,35000,13749
instagram highlight icons black me,🅰️,35000,12844
new mehndi design photo,🅰️,35000,9377
buonanotte originalissima,🅰️,35000,8986
simple mehndi design photo,🅰️,34000,14947
straight back hairstyles 2024,🅰️,34000,13083
russian girl photo,🅰️,34000,12356
chinese gender calendar 2024,🅰️,34000,12191
free fire wallpaper logo,🅰️,33000,21127
ছেলেদের পিক,🅰️,33000,18687
sukuna wallpaper 4k,🅰️,33000,18445
coquette wallpaper,🅰️,33000,17314
chad meme,🅰️,33000,14236
stylish simple tattoo mehndi design,🅰️,33000,14037
mehndi design 2024 back hand,🅰️,33000,13700
jinx nails,🅰️,33000,12507
simple mehndi design easy and beautiful,🅰️,33000,8557
привітання з василем,🅰️,33000,8412
vision board examples,🅰️,33000,8227
pop smoke braids,🅰️,33000,8005
poster background,🅰️,33000,7569
pinterest login,🅰️,32000,32600
cute aesthetic henna designs,🅰️,32000,25123
gojo wallpaper,🅰️,32000,17019
dating format,🅰️,32000,14171
рисунки для срисовки,🅰️,32000,13364
рисунок 23 февраля,🅰️,32000,11525
troll face png,🅰️,32000,10388
circle flower mehndi design for front hand,🅰️,31000,14833
mahndi ke digain,🅰️,31000,13900
old hollywood outfits,🅰️,31000,12568
love editing picsart background,🅰️,31000,12396
happy sisters day 2025,🅰️,31000,12124
lotus design mehndi,🅰️,31000,11248
basketball logo,🅰️,31000,7876
fall nail designs 2025,🅰️,30000,12474
demon slayer wallpaper 4k,🅰️,30000,11557
trending photo editing,🅰️,30000,11038
стрижки 2024,🅰️,30000,11013
goku wallpaper 4k,🅰️,30000,9001
printerest,🅰️,29000,25826
sukuna drawing,🅰️,29000,16777
murugan images hd 4k,🅰️,29000,15394
premanand ji maharaj hd wallpaper,🅰️,29000,14642
black shiva wallpaper hd,🅰️,29000,14579
premanand ji maharaj wallpaper,🅰️,29000,11847
hình ảnh capybara cute,🅰️,29000,11409
ترمة,🅰️,29000,11357
alegre saludos originales de buenos dias,🅰️,29000,11237
cb background hd,🅰️,29000,11208
pinterest search,🅰️,28000,28665
พินเทอเรส,🅰️,28000,27215
virat kohli wallpaper 4k,🅰️,28000,17075
trendy simple nail designs,🅰️,28000,12984
new mehndi design 2024,🅰️,28000,11640
lotus flower simple lotus mehndi design,🅰️,28000,11488
krishna wallpaper 4k,🅰️,28000,11393
instagram modern back hand mehndi design,🅰️,28000,11322
лёгкие рисунки,🅰️,28000,10284
ногти 2025,🅰️,28000,10198
lotus mehndi design simple,🅰️,28000,10106
silver surfer wallpaper,🅰️,28000,9049
coffee bar ideas,🅰️,28000,8097
فساتين سواريه,🅰️,28000,7603
بينترست,🅰️,27000,25849
printest,🅰️,27000,24071
henna new mehndi design,🅰️,27000,15815
march nail ideas,🅰️,27000,14862
troll face download,🅰️,27000,13928
akaza drawing,🅰️,27000,12758
манікюр осінь 2025,🅰️,27000,11817
wallpaper pink aesthetic,🅰️,27000,11460
ảnh chill,🅰️,27000,9457
cat wallpaper,🅰️,27000,8292
finger mehndi modern instagram trendy mehndi design,🅰️,27000,7735
xoilac365,🅰️,26000,26908
aesthetic small cute henna design,🅰️,26000,13423
short loc styles for females,🅰️,26000,10619
caption for profile,🅰️,26000,10572
hanuman ji photo hd 4k,🅰️,26000,10147
aesthetic drawing ideas,🅰️,26000,10109
itachi uchiha photo,🅰️,26000,9870
easy simple pair mehndi design,🅰️,26000,9853
round alpona design,🅰️,26000,9834
simple assignment front page design,🅰️,26000,9779
uñas acrilicas 2025,🅰️,26000,9579
goku photo,🅰️,26000,9544
corte de cabelo feminino 2025,🅰️,26000,9540
sex 2k6,🅰️,26000,9381
taglio capelli uomo 2024,🅰️,26000,9344
котики,🅰️,26000,8127
mahakal wallpaper 4k,🅰️,25000,15401
easy simple circle mehndi design,🅰️,25000,15137
matching pfp,🅰️,25000,13372
technoblade fanart,🅰️,25000,11400
rashmika mandanna hot,🅰️,25000,10817
long buzz cut fade,🅰️,25000,10771
love राधा कृष्ण फोटो,🅰️,25000,10317
hear me out characters,🅰️,25000,9659
iphone 17 wallpaper,🅰️,25000,9273
mehndi design photo simple,🅰️,25000,8881
shiva wallpaper 4k,🅰️,25000,8854
bluey wallpaper,🅰️,25000,7967
บ้านน็อคดาวน์,🅰️,25000,2993
small simple aesthetic henna tattoo,🅰️,24000,17208
preppy wallpapers,🅰️,24000,12890
sukuna wallpaper,🅰️,24000,12502
жінці картинки привітання з днем народження,🅰️,24000,11631
xxx tentacion wallpaper,🅰️,24000,9956
nail ideas 2024,🅰️,24000,9465
vẽ anime,🅰️,24000,9397
рисунки по клеточкам,🅰️,24000,8885
فساتين سواريه 2025,🅰️,24000,8876
spokojnej nocy kartki na dobranoc,🅰️,24000,8794
kawaii pinterest cute stickers,🅰️,24000,8612
mẫu móng tay đẹp nhẹ nhàng,🅰️,24000,8555
fade short hairstyles for men,🅰️,24000,8343
az688,🅰️,23000,26518
vipertoto,🅰️,23000,23606
circle easy round mehndi design,🅰️,23000,12138
cute insta dp,🅰️,23000,11701
instagram highlight cover black,🅰️,23000,11436
cute nail inspo,🅰️,23000,11163
gojo wallpaper 4k,🅰️,23000,11078
insta highlights cover,🅰️,23000,11039
beautiful mehndi royal front hand mehndi design,🅰️,23000,10315
móng tay đẹp,🅰️,23000,9746
mẫu nail chân,🅰️,23000,9617
patchwork tattoos,🅰️,23000,9552
alastor wallpaper,🅰️,23000,9429
username ideas for girls,🅰️,23000,9426
premanand maharaj photo hd,🅰️,23000,8527
bixie haircut,🅰️,23000,8298
jellybeanbrains leak,🅰️,23000,8243
cinnamoroll,🅰️,22000,23042
pintr,🅰️,22000,17924
pinterest aesthetic mehndi design,🅰️,22000,15322
aesthetic henna designs easy,🅰️,22000,12888
back front boat neck blouse,🅰️,22000,12736
insta profile photo,🅰️,22000,10750
bmw wallpaper 4k logo,🅰️,22000,10501
cute valentines wallpaper,🅰️,22000,9935
y3k outfit,🅰️,22000,9170
loppy,🅰️,22000,9021
braids hairstyles 2024,🅰️,22000,8925
naruto wallpaper 4k,🅰️,22000,8759
কিউট মেয়েদের প্রোফাইল পিক,🅰️,22000,8622
drop bear 🐻,🅰️,22000,8390
обои на айфон,🅰️,22000,8336
ink splash effect,🅰️,22000,8167
hina khan mehndi design,🅰️,22000,8103
ram ji drawing,🅰️,22000,8061
hanuman ji drawing,🅰️,22000,7909
karva chauth mehndi design easy full hand,🅰️,22000,7879
jenna ortega hot,🅰️,22000,7713
สาว,🅰️,21000,12208
สวัสดีวันอาทิตย์ใหม่ล่าสุด,🅰️,21000,12204
king von wallpaper,🅰️,21000,11796
obito wallpaper 4k,🅰️,21000,11630
stylish edit photo,🅰️,21000,11559
simple mehndi design flower front hand,🅰️,21000,10906
y2k wallpaper,🅰️,21000,10323
goofy ahh memes,🅰️,21000,10156
instagram highlights cover,🅰️,21000,10103
mehndi designs for kids full hand,🅰️,21000,9891
t shirt roblox,🅰️,21000,9726
nail inspo 2025,🅰️,21000,8869
2 years baby boy hair style,🅰️,21000,8485
instagram id name,🅰️,21000,7883
unique birthday wishes for husband,🅰️,21000,7685
krishna sada sahayate,🅰️,21000,7616
best bio for instagram,🅰️,20000,12618
troll face green screen,🅰️,20000,12355
iphone krishna black wallpaper,🅰️,20000,12115
instagram bio ideas,🅰️,20000,12081
aesthetic dp,🅰️,20000,11339
girls dp for instagram,🅰️,20000,10810
พิน,🅰️,20000,10578
akaza wallpaper 4k,🅰️,20000,10295
one piece wallpaper,🅰️,20000,10066
cool photos for whatsapp dp,🅰️,20000,9605
alight motion png,🅰️,20000,9233
kakashi wallpaper 4k,🅰️,20000,9215
t-shirt roblox girl cute,🅰️,20000,9009
motto in life as a student,🅰️,20000,8861
back full hand bridal mehndi design,🅰️,20000,8424
low taper fade straight hair,🅰️,20000,7997
iphone 16 wallpaper,🅰️,20000,7829
profile photo,🅰️,20000,7617
สวัสดีวันพฤหัสบดีรูปภาพใหม่,🅰️,19000,12530
certificate for project file,🅰️,19000,11508
poses body base drawing,🅰️,19000,11122
bloxburg house ideas,🅰️,19000,10578
anime girl dp,🅰️,19000,10225
pfp for tiktok,🅰️,19000,9588
short nail inspo,🅰️,19000,9167
з днем народження жінці квіти,🅰️,19000,9125
رسومات للتلوين,🅰️,19000,9040
shiv parvati hand pic,🅰️,19000,8914
iphone 15 wallpaper,🅰️,19000,8468
rengoku drawing,🅰️,19000,8393
aesthetic pic,🅰️,19000,7686
easter wallpaper,🅰️,19000,7667
lord krishna black wallpaper,🅰️,18000,11062
girl dp for instagram,🅰️,18000,10668
insta dp for boys,🅰️,18000,9583
ảnh gái xinh che mặt,🅰️,18000,9532
new frock design 2024,🅰️,18000,9263
squid game wallpaper,🅰️,18000,9149
anime character drawing,🅰️,18000,9062
alight motion logo,🅰️,18000,9006
รักการอ่าน,🅰️,18000,8878
anime wallpaper 4k phone,🅰️,18000,8532
ảnh vô tri,🅰️,18000,8328
low taper black male,🅰️,18000,8269
mewarnai pemandangan,🅰️,18000,8121
profile whatsapp dp,🅰️,18000,8066
kartinka profil,🅰️,18000,7984
islamic wallpaper,🅰️,18000,7567
каре,🅰️,17000,17515
cat pfp,🅰️,17000,11785
preppy pfp,🅰️,17000,11716
y2k drawings,🅰️,17000,11667
nails inspo,🅰️,17000,10046
cool insta dp,🅰️,17000,9922
ff photo,🅰️,17000,9594
obito uchiha wallpaper 4k,🅰️,17000,9285
joker wallpaper 4k,🅰️,17000,8397
arch pics,🅰️,17000,8372
kartinkalar,🅰️,17000,8362
質感早安圖,🅰️,17000,7990
সুন্দর একটা মেয়ের পিক,🅰️,17000,7951
jai shri ram drawing,🅰️,17000,7900
arabic full hand mehndi design,🅰️,17000,7890
dark anime wallpaper 4k,🅰️,17000,7830
pinterest unblocked,🅰️,17000,7707
pinterest.com,🅰️,16000,15142
pinteres,🅰️,16000,11966
best instagram bio,🅰️,16000,11873
สวัสดีวันอาทิตย์ใหม่ล่าสุด 2025,🅰️,16000,10642
hello kitty pfp,🅰️,16000,10600
สวัสดีวันอาทิตย์พระ,🅰️,16000,10282
aesthetic pfp,🅰️,16000,10164
صور شباب فخمة,🅰️,16000,9162
gift basket ideas,🅰️,16000,9092
tuff wallpapers,🅰️,16000,8882
blessing buddha wallpaper hd,🅰️,16000,8763
iphone 13 wallpaper,🅰️,16000,8687
fulani tribal braids,🅰️,16000,8355
ken carson wallpaper,🅰️,16000,8319
justin jefferson wallpaper,🅰️,16000,8283
free fire dp,🅰️,16000,7652
preppy christmas wallpaper,🅰️,16000,7605
teluk16,🅰️,15000,16162
มัลเล็ต,🅰️,15000,15732
dolly4d,🅰️,15000,15434
simple cute aesthetic henna designs,🅰️,15000,12135
pintest,🅰️,15000,11682
male latest senator design,🅰️,15000,9676
goofy ahh pics,🅰️,15000,9383
sukuna pfp,🅰️,15000,9148
pakistani mehndi design back hand,🅰️,15000,9081
iphone 1080p black krishna hd wallpaper,🅰️,15000,8683
editing background,🅰️,15000,8648
jersey design 2024,🅰️,15000,8172
matured ankara gown styles,🅰️,15000,7886
da ridere a crepapelle whatsapp comico buonanotte divertente,🅰️,15000,7817
pinterest images,🅰️,15000,7780
แผ่นสมาร์ทบอร์ด,🅰️,15000,412
สมาร์ทบอร์ด,🅰️,15000,23
รูปลาบูบู้,🅰️,14000,16618
ธรรมชาติสวัสดีวันศุกร์,🅰️,14000,9489
old mobile,🅰️,14000,9420
instagram highlight cover black and white,🅰️,14000,8857
attitude cartoon girl dpz,🅰️,14000,8439
red valentines day nails,🅰️,14000,7981
hd 3d radha krishna black background,🅰️,14000,7902
สวัสดีวันเสาร์พระ,🅰️,14000,7636
بنتر,🅰️,13000,14587
鬼滅之刃桌布,🅰️,13000,11294
y2k pfp,🅰️,13000,9632
chief keef pfp,🅰️,13000,9602
ảnh thần tài,🅰️,13000,7992
ฝ้าเพดาน,🅰️,13000,1083
排球少年桌布,🅰️,12000,11466
gai xinh,🅰️,12000,9178
aesthetic mehndi design pinterest front hand simple,🅰️,12000,8487
สวัสดีวันพุธพระ,🅰️,12000,8295
finger mehndi designs,🅰️,11000,14806
庫洛米桌布,🅰️,11000,11922
sakuna,🅰️,11000,11701
papuaslot88,🅰️,11000,11248
ttbd,🅰️,11000,11171
pochacco,🅰️,11000,11071
galentine's day ideas,🅰️,11000,9552
拍照姿勢,🅰️,11000,9366
pintres,🅰️,11000,8296
ระบายสีคุโรมิ,🅰️,10000,10511
pinters,🅰️,10000,8142
รั้วบ้าน,🅰️,10000,277
บ้านโมเดิร์น,🅰️,9900,686
pinteret,🅰️,9500,7888
แต่งตัววันคริสต์มาส,🅰️,9400,9860
ไม้ฝาเฌอร่า,🅰️,9400,7722
วูฟคัทยาว,🅰️,9200,9748
тянка,🅰️,9200,9612
डीपी,🅰️,9000,9441
ไม้ระแนง,🅰️,8700,1350
ประตูบ้าน,🅰️,8500,165
วอลเปเปอร์ไอแพด,🅰️,8000,8872
หลังคา,🅰️,8000,87
thukuna,🅰️,7900,8267
gacor1001,🅰️,7500,7864
รีโนเวทบ้าน,🅰️,7400,329
โรงจอดรถ,🅰️,7300,1185
วงกบประตู,🅰️,6900,262
สีทาไม้,🅰️,6500,332
ผนังเบา,🅰️,6300,568
ฝ้า,🅰️,6200,318
灌籃高手桌布,🅰️,6100,10609
บ้านน็อคดาวน์ งบ 30000,🅰️,6000,5
แบบบ้านโมเดิร์น,🅰️,5700,58
ประตูหน้าบ้าน,🅰️,5100,53
แบบ,🅰️,5100,1
ไม้เทียม,🅰️,5000,150
บ้านทรงโมเดิร์น,🅰️,4800,256
บ้านน็อคดาวน์ งบ 50000,🅰️,4500,1072
โมเดิร์น,🅰️,4500,35
บ้านสีเทา,🅰️,4300,198
กระเบื้องยาง spc,🅰️,4200,202
รั้ว,🅰️,4200,2
ไม้เฌอร่า,🅰️,4100,2336
เชิงชาย,🅰️,3700,246
ซีเมนต์บอร์ด,🅰️,3600,17
แผ่นฝ้าเพดาน,🅰️,3400,192
พื้นไม้,🅰️,3100,75
บ้านสไตล์โมเดิร์น,🅰️,3000,20
หลังคาบ้าน,🅰️,2900,112
แบบบ้านน็อคดาวน์,🅰️,2800,1102
โรงรถ,🅰️,2800,8
หลังคาโรงรถ,🅰️🔍,2700,547
แบบบ้านโมเดิร์นฟรี,🅰️,2700,70
พื้นไม้เทียม,🅰️,2600,633
ผนัง,🅰️,2600,272
รีโนเวท,🅰️,2600,45
ระแนง,🅰️,2500,89
ระแนงไม้,🅰️,2500,30
ไม้เชิงชาย,🅰️,2500,4
โครงผนังเบา,🅰️,2500,3
กั้นห้อง,🅰️,2400,127
ไม้ระแนงเฌอร่า,🅰️,2300,1908
ระแนงบังตา,🅰️,2300,59
แผ่นพื้น,🅰️,2200,243
บ้านโมเดิร์น 2 ชั้น,🅰️,2200,149
กั้นห้องผนังเบา,🅰️,2100,14
shera board,🅰️,2000,694
ผนังเบากั้นห้อง,🅰️,2000,120
แผ่นฝ้า,🅰️,1900,234
ราคาไม้ฝาเฌอร่า 6 นิ้ว ยาว 3 เมตร ไทวัสดุ,🅰️,1900,6
ไม้ระแนงตกแต่งผนัง,🅰️,1900,2
หลังคากันสาด,🅰️,1800,47
แบบบ้านทรงโมเดิร์น,🅰️,1700,114
ผนังไม้เทียม,🅰️,1700,83
shera plank,🅰️,1700,23
บัวผนัง,🅰️,1700,2
บานประตู,🅰️,1600,58
แบบโรงจอดรถฟรี,🅰️,1600,2
รูปแบบฝ้าเพดานสมัยใหม่,🅰️,1500,496
ไม้ฝา,🅰️,1500,155
ฝ้าเพดานแบบต่างๆ,🅰️,1500,139
สีโอ๊ค,🅰️,1400,32
เพดาน,🅰️,1400,11
บ้านน็อคดาวน์ราคาถูก,🅰️,1400,3
เชิงชายหลังคา,🅰️,1300,161
แบบโรงจอดรถ,🅰️,1300,142
แบบบ้านโมเดิร์น 2 ชั้น,🅰️,1300,136
บ้านน็อคดาวน์ งบ 100000,🅰️,1300,62
ไม้มอบ,🅰️,1300,56
บันไดไม้,🅰️,1300,47
หลังคาทรงจั่ว,🅰️,1300,18
roof eaves,🅰️,1300,7
ไม้พื้นเฌอร่า,🅰️,1200,1270
แผ่นไม้เทียม,🅰️,1200,63
ไม้ฝา เฌอ ร่า 6 นิ้ว ยาว 4 เมตร ราคา,🅰️,1200,56
ราคาไม้ฝาเฌอร่า,🅰️,1200,52
smart board,🅰️,1200,46
บ้านหลังคาจั่วสวยๆ,🅰️,1200,1
เฌอร่า,🅰️,1100,764
บ้านสไตล์ลอฟท์,🅰️,1100,223
ไม้พื้นเทียม,🅰️,1100,117
สีมะฮอกกานี,🅰️,1100,30
งบ 50000 บ้าน สวน เล็ก ๆ,🅰️,1100,2
สีไม้ฝาเฌอร่า,🅰️,1000,956
เฌอร่าบอร์ด,🅰️,1000,759
ไม้ฝาเฌอร่า 6 นิ้ว,🅰️,1000,177
แผ่นผนัง,🅰️,1000,95
ประตูบ้านสวยๆ,🅰️,1000,61
ฝ้าระแนง,🅰️,1000,37
แบบบ้านโมเดิร์นเล็กๆ,🅰️,1000,20
ผนังลอฟท์,🅰️,1000,20
บ้านทรงจั่ว,🅰️,1000,19
แบบบ้านสไตล์โมเดิร์น,🅰️,1000,11
ฝ้าหลุมห้องโถง,🅰️,1000,2
shera,🅰️,900,584
ฝ้าภายนอก,🅰️,900,67
แบบหลังคาโรงรถ,🅰️,900,54
แผ่นกั้นห้อง,🅰️,900,38
รั้วไม้,🅰️,900,35
น็อคดาวน์,🅰️,900,19
loft style house,🅰️,900,8
สีวอลนัท,🅰️,900,7
ผนังบ้าน,🅰️,800,177
หลังคาโรงจอดรถ,🅰️,800,131
ไม้ฝาเฌอร่า 8 นิ้ว,🅰️,800,126
ไม้เฌอร่า ราคา,🅰️,800,109
บ้านโมเดิร์น 2 ชั้นเล็กๆ,🅰️,800,94
ไม้บันได,🅰️,800,64
ประตูหน้าบ้านสวยๆ,🅰️,800,59
ไม้พื้น,🅰️,800,57
แบบบ้านโมเดิร์นสวยๆ,🅰️,800,57
ผนังกั้นห้อง,🅰️,800,49
แผ่นเฌอร่า,🅰️,800,36
รั้วระแนง,🅰️,800,34
บ้านทรงโมเดิร์นชั้นเดียว,🅰️,800,33
spc flooring,🅰️,800,25
stair,🅰️,800,10
fence,🅰️,800,5
ผนังสมาร์ทบอร์ด,🅰️,800,2
บ้านไม้ฝาเฌอร่า,🅰️,700,575
ไม้มอบฝ้า,🅰️,700,113
ไม้รั้ว,🅰️,700,71
แบบโรงรถ,🅰️,700,53
บ้านโมเดิร์นสวยๆ,🅰️,700,27
ฝ้าระแนงไม้เทียม,🅰️,700,21
ฝาบ้าน,🅰️,700,20
รั้วไม้ระแนง,🅰️,700,19
แผ่นตกแต่งผนัง,🅰️,700,18
แบบบ้านนอร์ดิก ฟรี,🅰️,700,16
ผนังห้อง,🅰️,700,9
ลูกตั้งบันได,🅰️,700,7
eaves roof,🅰️,700,5
ราคาบ้านน็อคดาวน์,🅰️,700,2
ราคาไม้ฝาเฌอร่า 6 นิ้ว ยาว 4 เมตร ไทวัสดุ ราคา,🅰️,700,2
shera public company limited,🅰️,600,207
แบบบ้านน็อคดาวน์สวยๆ,🅰️,600,154
หลังคาจอดรถ,🅰️,600,134
บ้านไม้น็อคดาวน์,🅰️,600,77
ไม้เทียมปูพื้น,🅰️,600,74
รีโนเวทบ้าน งบ 3 แสน,🅰️,600,66
ฝ้าระบายอากาศ,🅰️,600,59
ไม้สังเคราะห์,🅰️,600,40
ไม้ฝา เฌอ ร่า หน้า 8'' ยาว 4 เมตร ราคา,🅰️,600,26
ตกแต่งผนัง,🅰️,600,25
ไม้ปูพื้น,🅰️,600,24
บ้าน 2 ชั้น เล็ก ๆ สวย,🅰️,600,21
สีทาไม้เก่า,🅰️,600,20
ภายในบ้าน,🅰️,600,11
ผนังตกแต่ง,🅰️,600,11
บ้านหลังเล็กๆงบ50000,🅰️,600,8
รัว,🅰️,600,6
ลูกนอนบันได,🅰️,600,6
บ้านทรงจั่วชั้นเดียว,🅰️,600,4
ผนังภายนอก สําเร็จรูป ราคา,🅰️,600,3
แผ่นไม้เฌอร่า,🅰️,500,451
ฝาเชอร่า,🅰️,500,424
สีหลังคาบ้าน,🅰️,500,145
ไม้ตกแต่งผนัง,🅰️,500,55
ทรงบ้านโมเดิร์น,🅰️,500,49
ทําหลังคาโรงรถ,🅰️,500,46
หลังคาที่จอดรถ,🅰️,500,41
ไม้บัว,🅰️,500,37
แบบประตูหน้าบ้าน,🅰️,500,34
ไอเดียกั้นห้องแบบประหยัด,🅰️,500,29
ไม้ฝาเฌอร่ามีกี่สี,🅰️,500,28
สีแดงเชอรี่,🅰️,500,27
บ้านครึ่งปูนครึ่งไม้เฌอร่า,🅰️,500,27
ฝ้าเพดานสวยๆ,🅰️,500,25
ลอฟท์,🅰️,500,19
ผนังเบาภายนอก,🅰️,500,19
ฝาผนัง,🅰️,500,13
เซาะร่อง,🅰️,500,8
ฝ้าหลุมห้องโถงสวยๆ,🅰️,500,7
โทนสีเทา,🅰️,500,5
สไตล์โมเดิร์น,🅰️,500,3
พื้นไม้เทียม ราคา ตารางเมตร,🅰️,500,3
ห้องนอนเด็ก,🅰️,500,2
โรงรถหน้าบ้าน,🅰️,500,1
แปสําเร็จรูป 0.55 ราคา,🅰️,500,1
ไม้รั้วเฌอร่า,🅰️,450,572
บ้านลอฟท์,🅰️,450,197
บ้านน็อคดาวน์โมเดิร์น,🅰️,450,91
บ้านน็อคดาวน์สวยๆ,🅰️,450,82
ไฟเบอร์ ซีเมนต์,🅰️,450,50
แบบแปลน บ้าน น็อค ดาวน์ ฟรี pdf,🅰️,450,43
วัสดุมุงหลังคา,🅰️,450,42
แผ่นฝาผนัง,🅰️,450,34
ไม้ระแนงเฌอร่า 3 นิ้ว ราคา,🅰️,450,24
ไม้ระแนง ราคามัดละ,🅰️,450,21
บ้านน็อคดาว,🅰️,450,18
แบบบ้านทรงจั่ว,🅰️,450,18
แผ่นซีเมนต์ปูพื้น,🅰️,450,18
แบบฝ้าหลุม,🅰️,450,16
ทูโทน,🅰️,450,11
ไม้ฝาเฌอร่า ราคา,🅰️,400,289
พื้นไม้เทียมภายนอก,🅰️,400,71
แผ่นฝ้าระบายอากาศ,🅰️,400,51
ไม้ระแนง เฌอ ร่า 4 นิ้ว ราคา,🅰️,400,46
แผ่นผนังเบา,🅰️,400,39
แผ่นผนังภายนอก,🅰️,400,38
ฝ้าชายคา,🅰️,400,35
รูปแบบฝ้าเพดานสวยๆ,🅰️,400,32
แบบฝ้าเพดาน,🅰️,400,31
แบบประตูบ้าน,🅰️,400,30
ผนังตกแต่งภายใน,🅰️,400,28
เฟอร์นิเจอร์ outdoor,🅰️,400,25
บ้านน็อค ดาวน์,🅰️,400,25
ผนังไม้,🅰️,400,25
ผนังเบาลายไม้,🅰️,400,24
แจก แบบบ้าน โม เดิ ร์ น. ฟรี,🅰️,400,23
ผนังบ้านภายนอกสวยๆ,🅰️,400,20
ตกแต่งผนังห้อง,🅰️,400,20
สไตล์ลอฟท์,🅰️,400,18
บ้าน knock down,🅰️,400,17
ฝ้าไม้ระแนง,🅰️,400,11
ตารางองศาหลังคา,🅰️,400,8
แผ่นไม้ติดผนัง,🅰️,400,6
แผ่นเฌอร่าบอร์ด,🅰️,350,341
งบ น้อย บ้านน็อคดาวน์ งบ 50000,🅰️,350,53
แบบฝ้าเพดาน โมเดิร์น,🅰️,350,50
บ้านทรงโมเดิร์น2ชั้น,🅰️,350,38
ไม้เทียมปูพื้นภายนอก,🅰️,350,37
รั้วบ้านไม้ระแนงแบบต่างๆ,🅰️,350,27
รูปบ้านโมเดิร์น,🅰️,350,26
กั้นห้องแบบประหยัด,🅰️,350,25
แบบบ้าน 2 ชั้น มีระเบียง,🅰️,350,21
ไม้เทียมปูพื้นภายนอก ราคา,🅰️,350,20
สีทาไม้เทียม,🅰️,350,19
บ้านปูนลอฟท์ เล็กๆ,🅰️,350,18
บ้านลอฟท์เล็กๆ,🅰️,350,18
แบบประตู,🅰️,350,16
สีไม้สักทอง,🅰️,350,15
ไม้ซีดาร์,🅰️,350,6
รั้วไม้ระแนงสวยๆ,🅰️,350,4
สีทาไม้เฌอร่า,🅰️,300,392
ระแนงเฌอร่า,🅰️,300,206
ไม้พื้นเทียมภายนอก,🅰️,300,111
รูปตัดหลังคาจั่ว,🅰️,300,101
ประตูบ้านโมเดิร์น,🅰️,300,51
แบบบ้านน็อคดาวน์ งบ 50000,🅰️,300,49
แบบบ้านน็อคดาวน์ สไตล์รีสอร์ท,🅰️,300,37
ไม้บัวพื้น,🅰️,300,35
แบบที่จอดรถ,🅰️,300,33
ระยะโครงผนังเบา,🅰️,300,28
ฝ้าบ้าน,🅰️,300,26
รั้วไม้เทียม,🅰️,300,25
บ้านทรงโมเดิร์นสวยๆ,🅰️,300,24
สีทาไม้ ใช้สีอะไร,🅰️,300,24
แบบฝ้าเพดานสวยๆ,🅰️,300,22
แบบบ้าน 2 ชั้น โมเดิร์น,🅰️,300,21
ผนังภายนอก,🅰️,300,21
ไม้ระแนงรั้ว,🅰️,300,19
แบบบ้านหลังคาจั่วชั้นเดียว,🅰️,300,19
สีไม้ระแนง,🅰️,300,18
ฝ้าเพดาน มีกี่แบบ,🅰️,300,18
ฝ้าชายคาภายนอก,🅰️,300,17
กั้นผนังเบา,🅰️,300,16
ฝาเพดาน,🅰️,300,16
ฝ้า เพดาน,🅰️,300,15
แต่งผนังห้อง,🅰️,300,15
ฝ้าหลังคา,🅰️,300,15
ฝ่าเพดาน,🅰️,300,13
สีทาไม้กันน้ำ กันแดด,🅰️,300,13
บัวไม้,🅰️,300,10
ต่อเติมโรงรถหน้าบ้าน,🅰️,300,8
สีหลังคา,🅰️,300,8
กันสาดสวยๆ,🅰️,300,8
ผนังไม้ระแนง,🅰️,300,7
แผ่นไฟเบอร์,🅰️,300,7
ราคาไม้เฌอร่า,🅰️,300,7
แผ่นไม้ปูพื้น,🅰️,300,7
บ้านสไตล์โมเดิร์นชั้นเดียว,🅰️,300,5
เพดานบ้าน,🅰️,300,4
ไม้ราวบันได,🅰️,300,4
ceiling eaves,🅰️,300,4
cement board,🅰️,300,3
eaves,🅰️,300,3
ติดตั้งโซล่าเซลล์ ราคา,🅰️,300,3
บ้านโมเดิร์นเล็กๆ,🅰️,300,2
วัสดุหลังคา,🅰️,300,2
ไม้ เชิงชาย 8 นิ้ว ยาว 3 เมตร ราคา,🅰️,300,1
แบบหลังคากันแดดหน้าบ้าน,🅰️,300,1
wall shera board,🅰️,250,98
ไม้เทียมปูพื้นภายใน,🅰️,250,82
แปลนหลังคาจั่ว,🅰️,250,79
แผ่นเชิงชาย,🅰️,250,34
ประตูโมเดิร์นหน้าบ้าน,🅰️,250,33
ไม้ระแนงเฌอร่า 2 นิ้ว ราคา,🅰️,250,30
ผนังตกแต่งภายนอก,🅰️,250,30
ฝ้า ชายคา ฝ้า เพดาน ภายนอก,🅰️,250,29
บ้านไม้โมเดิร์น,🅰️,250,29
แบบประตูหน้าบ้าน โมเดิร์น,🅰️,250,29
แผ่นไม้เทียมปูพื้นภายนอก,🅰️,250,29
ประตูไม้บานคู่ โมเดิร์น,🅰️,250,28
บ้านน็อคดาวน์ คือ,🅰️,250,26
ทาสีไม้,🅰️,250,26
ปูพื้นไม้เทียม,🅰️,250,26
แผ่นปิดกันนก ลอนคู่,🅰️,250,24
ผนังไฟเบอร์ซีเมนต์,🅰️,250,24
แบบบ้านสองชั้น โมเดิร์น,🅰️,250,24
ฝ้าไม้,🅰️,250,24
ไม้พื้น spc,🅰️,250,24
สีกระเบื้องหลังคา,🅰️,250,23
ทำกันสาด,🅰️,250,23
สีหลังคาบ้านที่นิยม,🅰️,250,22
ชายคาบ้าน,🅰️,250,21
ไม้เชิงชายเฌอร่า 8 นิ้ว ราคา,🅰️,250,21
ประตูบ้านโมเดิร์น บานคู่,🅰️,250,19
แผ่นกันนก,🅰️,250,19
บ้านสไตล์โมเดิร์น 2 ชั้น,🅰️,250,19
บ้านน็อคดาวน์ มินิมอล,🅰️,250,18
บ้านโมเดิร์น2ชั้น,🅰️,250,17
บ้านโทนสีเทา,🅰️,250,17
พื้นซีเมนต์บอร์ด,🅰️,250,16
ทรงโมเดิร์น,🅰️,250,15
งานฝ้าเพดาน,🅰️,250,15
แบบบ้าน2ชั้นโมเดิร์น,🅰️,250,14
ไม้กั้นห้อง,🅰️,250,14
ฝ้าหลุมห้องโถงโมเดิร์น,🅰️,250,14
สีทาไฟเบอร์ซีเมนต์,🅰️,250,14
ไม้สังเคราะห์ไฟเบอร์ซีเมนต์,🅰️,250,14
ไม้ฝ้าเพดาน,🅰️,250,12
ฝาผนังบ้าน,🅰️,250,12
ไม้ฉลุ,🅰️,250,12
แบบบ้านสองชั้น โล่ง โปร่งสบาย,🅰️,250,12
บ้านน๊อคดาว,🅰️,250,11
แม่บันได,🅰️,250,11
ฝ้ามีกี่แบบ,🅰️,250,10
กระเบื้องยางspc,🅰️,250,9
แบบรั้วไม้ระแนงสวยๆ,🅰️,250,9
พื้นกระเบื้องยาง spc,🅰️,250,8
บันไดสําเร็จรูป,🅰️,250,7
แบบหลังคาโรงรถสวยๆ,🅰️,250,6
ระแนงรั้ว,🅰️,250,6
ไม้ระแนงภายนอก,🅰️,250,6
แผ่นผนังสําเร็จรูป ภายนอก,🅰️,250,5
บ้านเก่าๆ,🅰️,250,5
ไม้ตกแต่ง,🅰️,250,4
แบบบ้านทรงจั่วชั้นเดียว,🅰️,250,4
ราคาไม้พื้นเฌอร่า 10 นิ้ว ยาว 3 เมตร ไทวัสดุ,🅰️,250,4
แผ่นพื้นซีเมนต์บอร์ด,🅰️,250,4
วัสดุตกแต่งผนัง,🅰️,250,3
สีทาไม้ภายนอก,🅰️,250,3
กันสาดโมเดิร์น,🅰️,250,2
two storey dream house modern house design,🅰️,250,1
สีบ้านสวย,🅰️,250,1
ไม้ฝาเฌอร่ามีสีอะไรบ้าง,🅰️,200,207
แบบบ้านไม้ฝาเฌอร่าสวยๆ,🅰️,200,206
บ้านไม้เฌอร่า,🅰️,200,200
บ้านครึ่งปูนครึ่งไม้เฌอร่า2ชั้น,🅰️,200,193
ไม้เชิงชายเฌอร่า,🅰️,200,155
ผนังเฌอร่า,🅰️,200,118
ไม้ ระแนง รั้ว ไม้ เฌอ ร่า,🅰️,200,98
แบบฝ้าเพดานห้องโถง,🅰️,200,71
แปลนโครงสร้างหลังคาจั่ว,🅰️,200,68
บ้านสไตล์ ลอฟท์,🅰️,200,64
หลังคาไม้ซีดาร์,🅰️,200,58
หลังคาไม้,🅰️,200,56
แบบบ้านน็อคดาวน์ฟรี,🅰️,200,49
แผ่นพื้นไม้เทียม,🅰️,200,49
ไม้พื้นเฌอร่า ราคา,🅰️,200,33
แบบหลังคาทรงจั่ว,🅰️,200,28
รูปตัดหลังคาปั้นหยา,🅰️,200,28
แผ่นเฌอร่า ราคา,🅰️,200,26
ต่อเติมโรงรถ,🅰️,200,25
ซีเมนต์ บอร์ด,🅰️,200,25
ไม้รั้ว เฌอ ร่า ยาว 4 เมตร ราคา,🅰️,200,25
ไม้ฝาเฌอร่า ราคาต่อแผ่น,🅰️,200,24
บ้านสีลอฟท์,🅰️,200,23
ไม้บัวฝ้าเพดาน,🅰️,200,22
แผ่นตกแต่งผนังภายใน,🅰️,200,22
ซุ้มประตูบ้าน โมเดิร์น,🅰️,200,22
กั้นห้องนอนเล็กๆ,🅰️,200,22
ไม้เฌอร่า 4 นิ้ว,🅰️,200,22
แผ่นผนังภายใน,🅰️,200,21
ไม้ระเเนง,🅰️,200,21
แบบประตูไม้หน้าบ้านโมเดิร์น,🅰️,200,21
แผ่นฝาผนังภายนอก,🅰️,200,21
แผ่นไม้เทียมปูพื้น,🅰️,200,21
บ้านไม้ทรงโมเดิร์น,🅰️,200,21
แผ่นพื้น เฌอ ร่า บอร์ด 20 มิ ล ราคา,🅰️,200,20
หลังคาจอดรถหน้าบ้าน,🅰️,200,20
รับเหมาต่อเติมบ้าน,🅰️,200,19
ฝ้ากั้นห้อง,🅰️,200,19
กันสาดโรงรถ,🅰️,200,19
รีโนเวทบ้านไม้ 2 ชั้น งบ 3 แสน,🅰️,200,18
บ้าน สี เทา,🅰️,200,18
แบบฝ้าสวยๆ,🅰️,200,17
ไม้พื้นบันได,🅰️,200,17
แบบโครงสร้างบ้านน็อคดาวน์,🅰️,200,17
ระแนงหน้าบ้าน โมเดิร์น,🅰️,200,16
วัสดุกั้นห้อง สําเร็จรูป,🅰️,200,15
แบบประตูหน้าบ้านสวยๆ,🅰️,200,15
แบบบ้าน โม เดิ ร์ น 2 ชั้น มีระเบียง,🅰️,200,15
ฝ้าติดเพดาน,🅰️,200,14
ไม้มอบฝ้าเพดาน,🅰️,200,14
แต่งผนัง,🅰️,200,14
ฝาเชอร่า ราคา,🅰️,200,14
แผ่นตกแต่งผนังภายนอก,🅰️,200,14
บ้านทรงกล่อง 2 ชั้น,🅰️,200,13
ไม้ระแนงบังตา,🅰️,200,13
บ้านหลังคาจั่ว,🅰️,200,13
ประตูวงกบ,🅰️,200,13
ราคาไม้เทียม,🅰️,200,13
สีน้ำทาไม้,🅰️,200,12
บ้านแบบโมเดิร์น,🅰️,200,12
shera board ceiling,🅰️,200,12
ไม้ทาสี,🅰️,200,12
วัสดุตกแต่งผนังภายนอก,🅰️,200,12
รั้ว ระแนง,🅰️,200,12
โปรแกรม คํานวณ ฝ้าเพดาน,🅰️,200,12
ไม่ระแนง,🅰️,200,12
รูปแบบบ้านโมเดิร์น,🅰️,200,11
มอบฝ้าเพดาน,🅰️,200,11
บ้าน 2 ชั้น โมเดิร์น,🅰️,200,11
ไม้ผนังภายนอก,🅰️,200,11
บ้านสีลอฟท์ภายนอก,🅰️,200,11
แบบฝ้าเพดานเรียบ,🅰️,200,10
บ้านสวยๆโมเดิร์น,🅰️,200,10
บ้านไม้ทาสีอะไรสวย,🅰️,200,9
ระแนง บังตา,🅰️,200,9
บ้านไม้สไตล์โมเดิร์น,🅰️,200,9
spc กระเบื้องยาง,🅰️,200,8
ห้องสไตล์ลอฟท์,🅰️,200,8
ทาสีไม้เก่า ใช้สีอะไร,🅰️,200,8
ร้านฝ้าเพดาน ใกล้ฉัน,🅰️,200,7
แผ่นฝา,🅰️,200,7
สีทาบ้านไม้,🅰️,200,7
ร้านขายฝ้าเพดานใกล้ฉัน,🅰️,200,7
แบบหลังคากันสาด,🅰️,200,7
สีทาบ้านไม้เก่า ภายนอก,🅰️,200,6
ไม้ spc,🅰️,200,6
ไม้ฝาบังใบ,🅰️,200,6
ไม้ระแนง ฝ้าเพดาน ราคา,🅰️,200,6
บ้านน๊อคดาวน์,🅰️,200,6
ซุ้มประตูหน้าบ้านสวยๆ,🅰️,200,5
door frame,🅰️,200,5
ต่อเติมหลังคาโรงรถ,🅰️,200,5
หลังคาสีเทา,🅰️,200,5
ไม้ตกแต่งผนังภายนอก,🅰️,200,4
ประตูสวยๆ,🅰️,200,4
บังตา,🅰️,200,4
สีบีช,🅰️,200,4
บ้านโมเดิน,🅰️,200,4
ซุ้มประตูสวยๆ,🅰️,200,4
ฝ้าห้องนอน,🅰️,200,4
ฝ้าเพดานลายไม้สวยๆ,🅰️,200,4
แผ่นซีเมนต์,🅰️,200,4
บราวน์,🅰️,200,3
แบบบ้านไม้ชั้นเดียว ฟรี,🅰️,200,3
บ้านโมเดิร์นสีฟ้าคราม,🅰️,200,3
ผนัง ห้อง ไม้,🅰️,200,3
สี เทา,🅰️,200,3
สีฝ้าเพดานสวยๆ,🅰️,200,2
ระแนงกั้นห้องสำเร็จรูป,🅰️,200,2
บ้านน็อคดาวน์ ข้อเสีย,🅰️,200,2
ไม้ปูพื้นบ้าน,🅰️,200,2
สีผนัง,🅰️,200,2
ซุ้มประตูเล็กหน้าบ้าน,🅰️,200,2
สร้างบ้านงบ50000,🅰️,200,2
ไม้มอบ ฝ้า 2 นิ้ว ราคา,🅰️,200,1
ไฟเบอร์ซีเมนต์ คือ,🅰️,200,1
cera sheet,🅰️,200,1
ราคาฝ้าไม้ระแนงต่อตารางเมตร,🅰️,200,1
ไม้บัวเฌอร่า,🅰️,150,270
สีทาไม้ฝาเฌอร่า,🅰️,150,171
แผ่นไม้ฝาเฌอร่า,🅰️,150,168
เชิงชายเฌอร่า,🅰️,150,167
สีไม้เฌอร่า,🅰️,150,148
ไม้ฝาเฌอร่าสีชมพู,🅰️,150,143
สีไม้ฝาเฌอร่ามีกี่สี,🅰️,150,138
สีไม้ระแนงเฌอร่า,🅰️,150,131
ไม้ปูพื้นเฌอร่า,🅰️,150,118
shera building solution (philippines) corp,🅰️,150,88
เฌอร่าบอร์ด ผนัง,🅰️,150,86
แบบบ้านไม้เฌอร่า โมเดิร์น,🅰️,150,75
บริษัท เฌอร่า จำกัด (มหาชน),🅰️,150,74
หลังคาซีดาร์,🅰️,150,64
บ้านทรงลอฟ,🅰️,150,60
แปลนโครงหลังคาจั่ว,🅰️,150,57
ประตูบ้านสวยๆ โมเดิร์น,🅰️,150,54
balcony shera board ceiling,🅰️,150,49
แบบหลังคาโรงจอดรถ,🅰️,150,49
พื้นไม้เทียมภายใน,🅰️,150,47
แบบระเบียงบ้านไม้ระแนง,🅰️,150,46
ไม้เฌอร่า ระแนง,🅰️,150,44
ประตูหน้าบ้านโมเดิร์น,🅰️,150,36
ผนังเฌอร่าภายนอก ราคา,🅰️,150,34
บันไดไม้เทียม,🅰️,150,32
รีโนเวทบ้านชั้นเดียว งบ 3 แสน,🅰️,150,25
หลังคา โรงรถ,🅰️,150,24
ซีดาร์,🅰️,150,23
แต่งผนังบ้าน โมเดิร์น,🅰️,150,23
แบบระแนงหน้าบ้านสวยๆ,🅰️,150,22
ตัวอย่างบ้านน็อคดาวน์,🅰️,150,22
ห้องน็อคดาวน์,🅰️,150,22
แผ่นเซาะร่อง,🅰️,150,21
รูปบ้านน็อคดาวน์,🅰️,150,21
ไม้ปูพื้นเทียม,🅰️,150,20
ออกแบบโรงจอดรถ,🅰️,150,20
บ้านน๊อกดาว,🅰️,150,19
ฝ้าลอย,🅰️,150,19
หลังคาโรงรถสวยๆ,🅰️🔍,150,18
สไตล์ ลอฟท์,🅰️,150,18
ระแนงฝ้าเพดาน,🅰️,150,18
แบบหน้าบ้านโมเดิร์น,🅰️,150,18
ฝ้าเพดานเรียบๆ,🅰️,150,17
แบบบ้านเพิงแหงนฟรี,🅰️,150,17
ต่อเติมโรงจอดรถ,🅰️,150,17
แบบหลังคาจั่ว,🅰️,150,17
ฝ้าแผ่น,🅰️,150,17
แต่งผนังบ้าน,🅰️,150,17
โครงสร้างพื้นไม้,🅰️,150,16
เฌอร่าบอร์ด ราคา,🅰️,150,16
ราคาไม้ฝา เฌอ ร่า ต่อ ตาราง เมตร,🅰️,150,16
เชิงชายหลังคาโมเดิร์น,🅰️,150,16
แผ่นระบายอากาศ,🅰️,150,16
แผ่นฝ่า,🅰️,150,16
บ้านลอฟท์สวยๆ,🅰️,150,15
ประตูโมเดิร์น,🅰️,150,15
สไตล์บ้านโมเดิร์น,🅰️,150,15
ออกแบบบ้านโมเดิร์น,🅰️,150,15
แต่งบ้านสไตล์ลอฟท์,🅰️,150,15
ระแนงหน้าบ้านสวยๆ,🅰️,150,15
ผนังภายใน,🅰️,150,15
เพดานฝ้า,🅰️,150,15
เชิงชายไม้เทียม,🅰️,150,15
แบบผนังบ้านสวยๆ,🅰️,150,15
ผนังบ้านแบบต่างๆ,🅰️,150,14
ไม้พื้นเฌอร่า หน้า 8 นิ้ว ราคา,🅰️,150,14
แผ่นกั้นผนัง,🅰️,150,14
ต่อเติมหลังคาจอดรถ,🅰️,150,14
ขนาดเชิงชาย,🅰️,150,14
12 แบบตกแต่งผนังบ้าน,🅰️,150,14
ระแนงบังแดด บ้านโมเดิร์น,🅰️,150,13
ผนังบ้านภายนอก ราคาถูก,🅰️,150,13
ขนาดไม้ระแนง,🅰️,150,13
บ้าน2ชั้นโมเดิร์น,🅰️,150,13
มอบฝ้า,🅰️,150,13
ผนังสไตล์ลอฟท์,🅰️,150,13
ฝาบ้านไม้,🅰️,150,13
แผ่นปิดผนังภายใน,🅰️,150,12
ฝ้าเพดานภายใน,🅰️,150,12
แผ่นปิดผนังภายนอก,🅰️,150,12
บ้านน็อคดาวน์ สไตล์รีสอร์ท,🅰️,150,12
เพดาน ฝ้า,🅰️,150,12
เพดานบ้านสวยๆ,🅰️,150,12
ผนังกั้นห้องสําเร็จรูป,🅰️,150,12
0.4,🅰️,150,12
ระแนงฝ้า,🅰️,150,12
ไม้ฝาผนังภายนอก,🅰️,150,12
ตัวอย่างบ้านโมเดิร์น,🅰️,150,12
ไม้ฝาบ้านภายนอก,🅰️,150,12
ฝ้าเพดานภายนอก,🅰️,150,11
ฝ้าสําเร็จรูป,🅰️,150,11
แผ่นเรียบผนัง,🅰️,150,11
ผนังลอฟท์สวยๆ,🅰️,150,11
ฝ้ารอบนอก,🅰️,150,11
ระแนงรั้วบ้าน,🅰️,150,11
แผ่นบอร์ดไฟเบอร์ซีเมนต์,🅰️,150,11
บ้าน 2 ชั้นสไตล์โมเดิร์น,🅰️,150,10
ไม้ผนัง,🅰️,150,10
ระแนงหน้าบ้าน,🅰️,150,10
ตกแต่งผนังภายนอก,🅰️,150,10
ไม้พื้นเฌอร่า 4 นิ้ว ราคา,🅰️,150,10
ไม้ฝ้า,🅰️,150,10
บ้านไม้น็อคดาวน์ งบ 50000,🅰️,150,10
รูปบ้านโมเดิร์นสวยๆ,🅰️,150,10
แบบบ้านโมเดิร์น2ชั้น,🅰️,150,10
แบบบ้านสวยๆโมเดิร์น,🅰️,150,10
บ้านสองชั้นสไตล์โมเดิร์น,🅰️,150,10
แผ่นกรุผนังภายใน,🅰️,150,10
บ้าน น็อคดาวน์,🅰️,150,10
ออกแบบที่จอดรถ,🅰️,150,10
เสาโรงจอดรถสวยๆ,🅰️,150,10
ฝ้าภายใน,🅰️,150,9
สีไฟเบอร์ซีเมนต์,🅰️,150,9
บันไดไม้เทียม โครงเหล็ก,🅰️,150,9
บัวไม้เทียม,🅰️,150,9
แบบบ้านทรงกล่อง 2 ชั้น,🅰️,150,9
งานผนังเบา,🅰️,150,9
กระเบื้อง ยาง spc,🅰️,150,8
ไม้มอบฝ้าเพดาน pvc,🅰️,150,8
รั้วบ้านสวยๆ โมเดิร์น ราคา,🅰️,150,8
ฝ้าหลุมแบบฝ้าเพดานสวยๆ,🅰️,150,8
บ้านสองชั้นโมเดิร์น,🅰️,150,8
ฝ้าเพดานมีกี่แบบ,🅰️,150,8
บ้านทรงโมเดิร์นเล็กๆ,🅰️,150,8
ระแนงลายไม้,🅰️,150,8
แบบฝ้าหลุม โมเดิร์น,🅰️,150,8
บ้านสีเทาอ่อน,🅰️,150,8
ไม้ฝาบ้าน,🅰️,150,8
แบบโมเดิร์น,🅰️,150,7
แบบบ้านงบ50000,🅰️,150,7
ประตูไม้หน้าบ้านบานเดียว,🅰️,150,7
แบบหลังคาโรงรถหน้าบ้าน,🅰️,150,7
วัสดุ หลังคา,🅰️,150,7
ฝ้าเพดานไม้,🅰️,150,7
คำนวนฝ้า,🅰️,150,6
หลังคาโรงจอดรถสวยๆ,🅰️,150,6
แผ่นกันห้อง,🅰️,150,6
ไม้สร้างบ้าน,🅰️,150,6
ไฟเบอร์ซีเมนต์ ภายนอก,🅰️,150,6
หลังคาบ้านสีอะไรดี,🅰️,150,6
แบบฝ้า,🅰️,150,6
สีหลังคาบ้านโมเดิร์น,🅰️,150,6
ลายฝ้าเพดานสวยๆ,🅰️,150,6
ฝ้าสวยๆ,🅰️,150,5
พื้นยาง spc,🅰️,150,5
สีเชียน,🅰️,150,5
ลูกนอนบันไดไม้เทียม ราคา,🅰️,150,5
แผ่น smart board,🅰️,150,5
ไม้รั้ว ยาว 2 เมตร ราคา,🅰️,150,5
ไม้เทียมปูพื้น ราคาถูก,🅰️,150,5
ลายอิฐ,🅰️,150,5
บ้านแนวโมเดิร์น,🅰️,150,5
บันไดสำเร็จรูป,🅰️,150,4
ฝ้าเพดานแบบเรียบ,🅰️,150,4
ลอฟ,🅰️,150,4
พื้นบันได,🅰️,150,4
ผนังตกแต่งภายใน สําเร็จรูป,🅰️,150,4
ไม้เฌอร่า ข้อเสีย,🅰️,150,3
ราคาไม้เชิงชาย 10 นิ้ว ยาว 4 เมตร,🅰️,150,3
ผนังสําเร็จรูป ภายนอก,🅰️,150,3
loft style,🅰️,150,3
ผนังเซาะร่อง,🅰️,150,3
ไม้ติดผนัง,🅰️,150,3
cornice,🅰️,150,3
แบบบ้านสีเทา,🅰️,150,2
รั่วไม้,🅰️,150,2
ผนังสวยๆ,🅰️,150,2
สีทาเชิงชาย,🅰️,150,1
พื้นแดง,🅰️,150,1
ผนังไม้ฝาเฌอร่า,🅰️,100,132
ไม้มอบเฌอร่า,🅰️,100,116
ผนังเฌอร่าภายนอก,🅰️,100,113
ไม้เฌอร่าปูพื้น,🅰️,100,105
บ้านไม้ฝาเฌอร่าสีสักทอง,🅰️,100,100
แผ่นผนังเฌอร่า,🅰️,100,100
ไม้แผ่นเฌอร่า,🅰️,100,99
รั้วไม้เฌอร่า,🅰️,100,97
พื้นไม้เฌอร่า,🅰️,100,87
แปลนบ้านน็อคดาวน์,🅰️,100,78
ผนังไม้เฌอร่า,🅰️,100,77
บ้านสไตล์โมเดิร์นลอฟท์,🅰️,100,70
เฌอร่า ลพบุรี,🅰️,100,60
ไม้ฝาเฌอร่า สีเทาโมเดิร์น,🅰️,100,51
เชอร่า,🅰️,100,49
บ้านทรงลอฟท์,🅰️,100,45
ทำโรงรถ,🅰️,100,45
บ้านไม้ เฌอ ร่า งบ 50000,🅰️,100,44
หลังคาไม้ซีดาร์ ราคาต่อตารางเมตร,🅰️,100,41
ฝาบ้านไม้สวยๆ,🅰️,100,39
บ้านน็อคดาวน์ชั้นเดียว,🅰️,100,38
พื้นลอฟท์ ข้อดี ข้อเสีย,🅰️,100,38
สร้างโรงจอดรถ,🅰️,100,38
ประตูหน้าบ้านสวยๆ โมเดิร์น,🅰️,100,36
บ้านน็อคดาวน์ โมเดิร์น,🅰️,100,36
ไม้ฝาเฌอร่า 1 ตารางเมตรใช้กี่แผ่น,🅰️,100,30
ระเบียง ไม้ ระแนง,🅰️,100,26
ฝาไม้เฌอร่า ราคา,🅰️,100,25
ไม้รั้วเฌอร่า ราคา แผ่นละ,🅰️,100,24
ไม้ฝ้าเพดาน เฌอ ร่า ราคา,🅰️,100,23
แบบประตูบ้านสวยๆ,🅰️,100,21
กัน นก หลังคา,🅰️,100,20
บ้านแนวลอฟท์,🅰️,100,18
บ้านไม้น็อคดาวน์หลังเล็ก,🅰️,100,18
ระแนงหลังคา,🅰️,100,18
แผ่นฝาบ้านภายนอก,🅰️,100,17
แปลนโครงสร้างหลังคาปั้นหยา,🅰️,100,17
แบบหลังคาบ้านทรงจั่ว,🅰️,100,17
ไม้ฝาเฌอร่า ราคาต่อตารางเมตร,🅰️,100,17
แผ่นพื้นซีเมนต์,🅰️,100,17
บ้านน็อคดาวน์สไตล์โมเดิร์น,🅰️,100,16
บ้านโมเดิร์นลอฟท์,🅰️,100,16
ไม้มอบเฌอร่า 2 นิ้ว ราคา,🅰️,100,15
ฝ้าระแนงภายนอก,🅰️,100,15
พื้นบันไดไม้เทียม,🅰️,100,15
ไม้ฝา เฌอ ร่า ราคา แผ่น ละ,🅰️,100,15
บ้านไม้โมเดิร์นเล็กๆ,🅰️,100,14
บ้านสวนน็อคดาวน์,🅰️,100,14
บ้านน็อคดาวน์เล็กๆ,🅰️,100,14
บ้านสตาร์โมเดิร์น,🅰️,100,14
ขนาดบ้านน็อคดาวน์,🅰️,100,14
แบบลานจอดรถ,🅰️,100,14
บ้านน็อคดาวน์ไม้,🅰️,100,13
บ้านน็อคดาวน์สไตล์รีสอร์ท,🅰️,100,13
ไม้แต่งผนัง,🅰️,100,13
แบบบ้านเพิงแหงน ฟรี,🅰️,100,12
สีแดงมะฮอกกานี,🅰️,100,12
โครงหลังคาโรงรถ,🅰️,100,12
ห้องลอฟท์,🅰️,100,12
พื้นระเบียงไม้เทียม,🅰️,100,12
แผ่นปิดผนัง,🅰️,100,12
แผ่นบุผนังภายใน,🅰️,100,12
สีทาไม้พื้นไฟเบอร์ซีเมนต์,🅰️,100,12
แบบโรงจอดรถเสาเดียว,🅰️,100,12
ไม้ ระแนง,🅰️,100,11
แผ่นแต่งผนัง,🅰️,100,11
เชิงชายหลังคา ราคา,🅰️,100,11
เชิงชาย คือ,🅰️,100,11
ฝ้านอกบ้าน,🅰️,100,11
แต่งเสาบ้านด้วยไม้ เฌอร่า,🅰️,100,11
บ้าน น็อค ดาวน์,🅰️,100,11
บ้านหลังคาทรงจั่ว,🅰️,100,11
แผ่นฝาผนังบ้าน,🅰️,100,11
ฝ้าห้องนอนสวยๆ,🅰️,100,11
ไม้ทับแนว,🅰️,100,11
ฝ่าบ้าน,🅰️,100,11
ไม้ทำรั้ว,🅰️,100,11
ระเบียงบ้านชั้น2 โมเดิร์น,🅰️,100,10
ไม้ฝาเฌอร่า 4 นิ้ว,🅰️,100,10
ไม้พื้นภายนอก,🅰️,100,10
ฝ้ารอบนอกบ้าน โมเดิร์น,🅰️,100,10
บ้านหลังคาสีน้ำตาล,🅰️,100,10
ร้านค้าน็อคดาวน์ งบ 50000,🅰️,100,10
แผ่นบันไดไม้เทียม,🅰️,100,10
แผ่นเพดาน,🅰️,100,10
ร้านติดตั้งโซล่าเซลล์,🅰️,100,9
บ้านลอฟท์ชั้นเดียว,🅰️,100,9
ผนังลายอิฐ,🅰️,100,9
สมาร์ทบอร์ด ผนัง,🅰️,100,9
ขนาดฝ้าเพดาน,🅰️,100,9
ไม้ฝาเฌอร่า 1 แพ็ค มีกี่แผ่น,🅰️,100,9
รั้วโมเดิร์น,🅰️,100,9
หน้าบ้านสวยๆ โมเดิร์น,🅰️,100,9
ไม้มอบพื้น,🅰️,100,9
หลังคาระแนง,🅰️,100,8
ฝาบ้าน คือ,🅰️,100,8
แบบรีโนเวทบ้าน,🅰️,100,8
ไม้ฉลุลายไทย,🅰️,100,8
ซีเมนบอร์ด,🅰️,100,8
ไม้ฝาเฌอร่า 1 แพ็ค มีกี่แผ่น ราคา,🅰️,100,8
หลังคาสีน้ำตาลเข้ม ตัวบ้านสีอะไรดี,🅰️,100,8
ฝ้า เพดาน ฝ้า ภายนอก,🅰️,100,8
บันไดไม้นอกบ้าน,🅰️,100,8
แบบบ้านกระจก โมเดิร์น,🅰️,100,7
สันหลังคา,🅰️,100,7
สกรูยิงไม้ฝา,🅰️,100,7
แบบบ้านไม้ ฟรี,🅰️,100,7
ไม้ฝาหน้า 6,🅰️,100,7
บ้าน2ชั้นสไตล์โมเดิร์น,🅰️,100,7
ร้านขายไม้ระแนงใกล้ฉัน,🅰️,100,7
แบบเพดานบ้าน,🅰️,100,7
ระแนง บังตา ไม้ ระแนง ตกแต่ง ภายนอก,🅰️,100,7
แผ่นเฌอร่าบอร์ด ราคา,🅰️,100,7
หลังคาสีเทา บ้านสีอะไร,🅰️,100,7
หลังคาสีน้ำตาล,🅰️,100,7
ฝ้าระแนงไม้,🅰️,100,7
บ้านโทนเทา,🅰️,100,7
ระแนงบ้าน,🅰️,100,6
ไม้ปูพื้นภายนอก,🅰️,100,6
ฝ้าหลังคาภายใน,🅰️,100,6
ฝ้าเพดานบ้าน,🅰️,100,6
โม เดิ ร์ น,🅰️,100,6
แผ่นผนังเบากั้นห้อง,🅰️,100,6
ลายฉลุไม้,🅰️,100,6
สีบ้านไม้สวยๆ,🅰️,100,6
ระแนงไฟเบอร์ซีเมนต์,🅰️,100,6
วงกบ ประตู,🅰️,100,6
แผ่นกรุผนัง,🅰️,100,6
ไม้ฝาเฌอร่าสีเขียวพาสเทล,🅰️,100,6
สีหลังคาบ้านโมเดิร์นสวยๆ,🅰️,100,6
สีโอ๊คแดง,🅰️,100,6
พื้นภายนอก,🅰️,100,6
แบบฝ้าหลุมห้องโถง,🅰️,100,6
ออกแบบรั้วบ้าน,🅰️,100,6
แผ่นผนังกั้นห้อง,🅰️,100,6
แบบประตูไม้หน้าบ้านสวยๆ,🅰️,100,5
แบบประตูไม้,🅰️,100,5
ไม้มอบ ฝ้าเพดาน ราคา,🅰️,100,5
ลายผนังห้องเท่ๆ,🅰️,100,5
ไม้ฝาเฌอร่าภายนอก,🅰️,100,5
วัสดุผนังภายนอก,🅰️,100,5
กั้นห้องด้วยผนังเบา,🅰️,100,5
สี ขาว เทา,🅰️,100,5
สีขาวเทา,🅰️,100,5
แผ่นสมาร์ทบอร์ด ผนัง,🅰️,100,5
พื้นไม้ระแนง,🅰️,100,5
แบบฝ้าหลุมห้องรับแขก,🅰️,100,5
แผ่นผนังสมาร์ทบอร์ด,🅰️,100,4
บ้านหลังคาสีเทา,🅰️,100,4
ฉลุไม้,🅰️,100,4
ประตูรั้วไม้ระแนง,🅰️,100,4
บ้านสีเทาโมเดิร์น,🅰️,100,4
บ้านหลังเล็กงบ50000,🅰️,100,4
ประตูวินเทจ,🅰️,100,4
ราคาไม้เชิงชาย 10 นิ้ว,🅰️,100,4
ซีเมนต์บอร์ดปูพื้น,🅰️,100,4
แผ่นพื้น เฌอ ร่า บอร์ด 15 มิ ล ราคา,🅰️,100,4
โรงจอดรถสวยๆ โมเดิร์น ราคา,🅰️,100,3
ขนาดแผ่นฝ้าเพดาน,🅰️,100,3
บ้านสีเทาขาว,🅰️,100,3
ไม้เฌอร่า 8 นิ้ว ราคา,🅰️,100,3
ระแนงสําเร็จรูป,🅰️,100,3
เพดานห้องนอน,🅰️,100,2
shera sheet,🅰️,100,2
sierra board,🅰️,100,1
แผ่นพื้นเฌอร่า,🅰️,90,97
ไม้ฝาเฌอร่ากั้นห้อง,🅰️,90,90
ทำที่จอดรถ,🅰️,90,39
คำนวณ ไม้ฝา เฌอ ร่า ต่อ ตาราง เมตร,🅰️,90,38
ออกแบบบ้านน็อคดาวน์,🅰️,90,32
หลังคาลานจอดรถ,🅰️,90,32
แบบหลังคาจอดรถ,🅰️,90,31
บ้านสไตล์ลอฟ,🅰️,90,23
ระแนงเฌอร่า 3 นิ้ว,🅰️,90,22
shera logo,🅰️,90,20
แผ่นฝาเฌอร่า ราคา,🅰️,90,16
บ้านทรงโมเดิร์น 2 ชั้น,🅰️,90,14
ทำโรงจอดรถ,🅰️,90,14
ไม้ระแนงเฌอร่า ราคามัดละ,🅰️,90,13
สไตล์ลอฟท์ คือ,🅰️,90,12
ไอเดียประตูหน้าบ้าน,🅰️,90,11
แบบบ้านไม้โมเดิร์น,🅰️,90,11
ฝ้า หลังคา,🅰️,90,11
หน้าบ้านโมเดิร์นสวยๆ,🅰️,90,11
สกรูยิงไม้ระแนง,🅰️,90,10
รั้วไม้สวยๆ,🅰️,90,10
โครงประตู,🅰️,90,10
ไม้ระแนงฝ้าเพดาน,🅰️,90,10
บนฝ้า,🅰️,90,10
ไม้ฉลุลาย,🅰️,90,9
ราคาไม้ฝา,🅰️,90,9
ร้านน็อคดาวน์เล็กๆ,🅰️,90,9
บ้านทรงโมเดิล,🅰️,90,9
รูปบ้านทรงโมเดิร์น,🅰️,90,8
บรรไดไม้,🅰️,90,8
แผ่นผนังตกแต่ง,🅰️,90,8
ผนังเซาะร่อง สวยๆ,🅰️,90,8
ต่อเติมโรงจอดรถหน้าบ้าน,🅰️,90,7
โทนสีห้อง,🅰️,90,7
วัสดุกั้นห้อง,🅰️,90,7
บอร์ดผนัง,🅰️,90,7
แผ่นกั้นผนังภายนอก,🅰️,90,7
พื้นไฟเบอร์ซีเมนต์,🅰️,90,7
ฝ้าหลังคาภายนอก,🅰️,90,7
ฝ้าชายคาระบายอากาศ,🅰️,90,7
แผ่นสมาร์ทบอร์ด ผนังภายใน,🅰️,90,7
ไม้ขั้นบันได,🅰️,90,6
แผ่นติดผนังภายนอก,🅰️,90,6
แบบฝ้าเพดานห้องนอนสวยๆ,🅰️,90,6
shera wood,🅰️,90,6
บ้าน หรู ๆ สไตล์ โม เดิ ร์ น,🅰️,90,6
แผ่นเรียบปูพื้น,🅰️,90,6
งานลอฟท์,🅰️,90,6
แบบหน้าบ้านโมเดิร์นสวยๆ,🅰️,90,6
ฝ้าเรียบสวยๆ,🅰️,90,6
ห้องจอดรถ,🅰️,90,6
ทาสีบ้านสีเทา,🅰️,90,5
สีบ้านไม้สวยๆภายนอก,🅰️,90,5
บ้านสําเร็จรูป ขนาดเล็ก,🅰️,90,5
สีทาไม้กันน้ํา กันแดด,🅰️,90,5
ไม้ระแนง เฌอ ร่า 2 นิ้ว ราคา,🅰️,90,5
แบบภายในบ้านโมเดิร์น,🅰️,90,5
บันไดลูกนอน,🅰️,90,5
ผนังบอร์ด,🅰️,90,5
ไม้กระดานปูพื้น,🅰️,90,4
ไม้ฝาสเปลนดิด,🅰️,90,4
ฝาบ้านสวยๆ,🅰️,90,4
ไม้เทียม ราคา,🅰️,90,4
ลายฝ้าเพดาน,🅰️,90,4
สมาร์ทบอร์ด เซาะร่อง 4 นิ้ว ราคา,🅰️,90,4
ฝาไม้,🅰️,90,4
ไม้ระแนง เฌอ ร่า 3 นิ้ว ราคา,🅰️,90,3
ไม้ฝาเทียม,🅰️,90,3
ออกแบบหน้าบ้านสวยๆ,🅰️,90,3
ประตู หน้าบ้าน,🅰️,90,3
ค่าแรง ติด ตั้ง ไม้ฝา เฌอ ร่า 2565,🅰️,90,3
type of ceiling board,🅰️,90,2
ขนาดแป,🅰️,90,2
touch up paint,🅰️,90,1
รูปแบบบ้านน็อคดาวน์,🅰️,80,87
บัวพื้นเฌอร่า,🅰️,80,85
แบบรั้วไม้เฌอร่า,🅰️,80,81
ขนาดไม้เฌอร่า,🅰️,80,79
บ้านสไตล์ loft,🅰️,80,53
เฌอร่าบอร์ด ลายไม้,🅰️,80,44
แบบบ้านน็อคดาวน์เล็กๆ,🅰️,80,30
ไม้เทียมบันได,🅰️,80,30
โปรแกรม คำนวณ ไม้ฝา,🅰️,80,29
ระแนงระเบียง,🅰️,80,29
แบบประตูบ้านโมเดิร์นกระจก,🅰️,80,29
แบบหลังคาที่จอดรถ,🅰️,80,29
ระแนงระเบียงหน้าบ้าน,🅰️,80,28
ระแนงระเบียงบ้าน,🅰️,80,28
บ้าน ลอฟท์,🅰️,80,27
ระเบียงไม้ระแนงข้างบ้าน,🅰️,80,18
บัวไฟเบอร์ซีเมนต์,🅰️,80,13
แบบบ้านโมเดิร์นสองชั้น,🅰️,80,12
บ้านน็อคดาวน์ทรงโมเดิร์น,🅰️,80,12
ไม้เฌอร่าปูพื้น ราคา,🅰️,80,12
รีโนเวทหน้าบ้าน,🅰️,80,11
บ้าน 2 ชั้น โม เดิ ร์ น,🅰️,80,11
บันไดไม้เทียมภายนอก,🅰️,80,10
ไม้ปูพื้นภายใน,🅰️,80,10
ชายคา คือ,🅰️,80,10
ฝาบ้านคือ,🅰️,80,10
ฝ้าสำเร็จรูป,🅰️,80,10
สีหลังคาบ้านสวยๆ,🅰️,80,9
ไม้ฉลุ ตกแต่ง,🅰️,80,9
สไตล์ลอฟ,🅰️,80,9
ออกแบบประตูหน้าบ้าน,🅰️,80,9
แบบฝ้าเพดานบ้าน,🅰️,80,8
ไม่เทียม,🅰️,80,8
ฝ้าหน้าบ้าน,🅰️,80,8
ดูแบบบ้านโมเดิร์น,🅰️,80,8
บานประตูโมเดิร์น,🅰️,80,8
แบบบ้านหน้าจั่ว,🅰️,80,7
ผนังลายหิน,🅰️,80,7
บ้านจั่ว,🅰️,80,7
แบบบ้านโมเดล,🅰️,80,7
ห้องสําเร็จรูป ขนาดเล็ก,🅰️,80,7
เฌอร่า ราคา,🅰️,80,6
สีทาบ้านไม้ภายนอกสวยๆ,🅰️,80,6
ไม้บัวผนัง,🅰️,80,6
สีผนังบ้านภายใน,🅰️,80,6
สีทาไม้ไฟเบอร์ซีเมนต์,🅰️,80,6
บ้านหลังคาจั่วชั้นเดียว,🅰️,80,6
ออกแบบหน้าบ้าน,🅰️,80,6
สีทาซีเมนต์บอร์ด,🅰️,80,6
ฝ้า หลุม แบบ ฝ้า เพดาน สวย ๆ,🅰️,80,6
เซาะ ร่อง,🅰️,80,6
ฝ้าไม้ระแนงภายนอก,🅰️,80,6
แบบบ้าน น็อค ดาวน์ งบ 100000,🅰️,80,6
ราคาไม้พื้น,🅰️,80,5
รั้วบ้านไม้ระแนง,🅰️,80,5
ราคาไม้เชิงชาย 6 นิ้ว ยาว 3 เมตร,🅰️,80,5
แบบบ้านรีโนเวท,🅰️,80,5
บ้านสําเร็จรูป มินิมอล,🅰️,80,5
สีเทาขาว,🅰️,80,5
ไม้พื้นสังเคราะห์,🅰️,80,5
ตกแต่งประตู,🅰️,80,5
แบบบานประตูไม้,🅰️,80,5
แบบบ้านสไตล์ลอฟท์,🅰️,80,5
ฝ้ามีกี่ประเภท,🅰️,80,4
ต่อโรงรถหน้าบ้าน,🅰️,80,4
ไม้ ระแนง ทำ รั้ว,🅰️,80,4
ไม้ทำบ้าน,🅰️,80,3
ไฟเบอร์ซีเมน,🅰️,80,3
สีบ้าน2ชั้นสวยๆ,🅰️,80,3
บ้านสไตล์มูจิ ภายนอก,🅰️,80,2
บ้านสีขาวเทาอ่อน,🅰️,80,2
แบบบ้านสวยๆ ฟรี,🅰️,80,2
ฝ้าสําเร็จรูป ราคา,🅰️,80,2
น็อคดาวน์ คือ,🅰️,80,2
พื้นสีน้ำตาล,🅰️,80,2
ไม้บันไดเฌอร่า,🅰️,70,89
แบบบ้านไม้ฝาเฌอร่าใต้ถุนสูง,🅰️,70,76
บริษัทเฌอร่า,🅰️,70,75
ร้านขายไม้เฌอร่าใกล้ฉัน,🅰️,70,75
ไม้เชลล่า,🅰️,70,69
ไม้ฝา เฌอร่า,🅰️,70,39
เฌอร่า จํากัด (มหาชน),🅰️,70,35
พนังบ้าน,🅰️,70,26
พื้นไม้เทียม ภายนอก,🅰️,70,26
ผนังบังตา,🅰️,70,25
ฝ้าใต้หลังคา,🅰️,70,25
พื้นไม้สังเคราะห์,🅰️,70,24
แปลนหลังคา,🅰️,70,23
ระแนงไม้เทียม เฌอร่า,🅰️,70,21
ไม้ระแนงเฌอร่า 3 นิ้ว,🅰️,70,17
บ้าน loft,🅰️,70,16
วัสดุผนัง,🅰️,70,13
ไม้ฝาผนัง,🅰️,70,13
รั้วไม้สีขาว,🅰️,70,11
แผ่นผนังเซาะร่อง,🅰️,70,10
แผ่นไม้เฌอร่า ราคา,🅰️,70,10
ไม้ระแนงสีเทา,🅰️,70,10
โครงหลังคาโรงจอดรถ,🅰️,70,10
ไม้ฝาภายนอก,🅰️,70,9
ไม้พื้นเฌอร่า 6 นิ้ว ราคา,🅰️,70,8
ลูกนอนบันได 25 cm,🅰️,70,8
ฝาหลังคา,🅰️,70,8
ขนาดไม้เทียม,🅰️,70,7
ไอเดียรีโนเวทบ้าน,🅰️,70,7
หน้าบ้านทรงโมเดิร์น,🅰️,70,7
กันสาดโรงจอดรถ,🅰️,70,7
รั้วระแนงบังตา,🅰️,70,7
แบบบ้านน็อคดาวน์ใต้ถุนสูง,🅰️,70,7
บ้านไม้โมเดิร์นสวยๆ,🅰️,70,7
แผ่นบันได,🅰️,70,7
ตกแต่งประตูหน้าบ้าน,🅰️,70,7
ไม้เทียม ภายนอก,🅰️,70,7
ตกแต่งบ้านภายนอก,🅰️,70,7
บัวพื้นไม้,🅰️,70,7
วัสดุฝ้าเพดาน,🅰️,70,6
ขนาดฝ้าเพดาน มาตรฐาน,🅰️,70,6
แผ่นปิดฝ้าเพดาน,🅰️,70,6
สี มะฮอกกานี,🅰️,70,6
ผนังบ้านภายนอก,🅰️,70,6
eave vs soffit,🅰️,70,6
ระแนงสำเร็จรูป,🅰️,70,6
ไฟเบอร์ซีเมนต์ลายไม้,🅰️,70,6
ระแนงพื้นไม้เทียม,🅰️,70,6
สีประตูไม้สวยๆ,🅰️,70,5
ไม้เทียมไฟเบอร์ซีเมนต์,🅰️,70,5
ไม้ลูกบันได,🅰️,70,5
ประตู บ้าน,🅰️,70,5
แผ่นปูพื้นไม้เทียม,🅰️,70,5
แผ่นบังตา,🅰️,70,5
แผ่นรองพื้นบ้าน,🅰️,70,5
แบบบ้านทรงโมเดิร์น 2 ชั้น,🅰️,70,5
สมาร์ทบอร์ด เซาะร่อง 6 นิ้ว,🅰️,70,5
บ้านโมเดิร์นสองชั้น,🅰️,70,5
กันนกหลังคา,🅰️,70,5
อุปกรณ์กั้นห้องผนังเบา,🅰️,70,5
ผนังกันห้อง,🅰️,70,5
สัญญาจ้างเหมาต่อเติมบ้าน,🅰️,70,5
สีผนังห้อง,🅰️,70,5
ฝาผนังกั้นห้อง,🅰️,70,5
สกรูยาว,🅰️,70,5
บ้านผนังเบา,🅰️,70,5
สีทาไม้ฝา,🅰️,70,5
บาน ประตู,🅰️,70,5
บ้านทาสีเทา,🅰️,70,5
บันได ไม้,🅰️,70,5
แปลนหลังคาปั้นหยา,🅰️,70,5
ฝ้าห้องครัว,🅰️,70,4
ฝ้าเพดานห้องนอน,🅰️,70,4
รูปตัดหลังคาโมเดิร์น,🅰️,70,4
ผนังเบาภายใน,🅰️,70,4
ผนังนอกบ้าน,🅰️,70,4
ราคาเชิงชาย,🅰️,70,4
ตกแต่งเพดาน diy,🅰️,70,4
ระแนงบังตาสําเร็จรูป ราคา,🅰️,70,4
แผ่น สมาร์ทบอร์ด,🅰️,70,4
แผ่นบุผนัง,🅰️,70,4
ทางเข้าบ้านสวยๆ,🅰️,70,4
บ้านหลังคาจั่ว 2 ชั้น,🅰️,70,4
วัสดุปิดผนัง,🅰️,70,4
ระแนงบังแดด ระเบียง,🅰️,70,4
ผนังฝ้าเพดาน,🅰️,70,4
ผนังบ้านภายใน,🅰️,70,3
loft คือ,🅰️,70,3
หลังคาโรงจอดรถ โมเดิร์น,🅰️,70,3
ติดตั้งไม้ระแนง,🅰️,70,3
ระเบียง ไม้ สวย ๆ,🅰️,70,3
ผนังหน้าบ้านสวยๆ,🅰️,70,3
แผ่นรองใต้หลังคา,🅰️,70,3
เชิงชายสำเร็จรูป,🅰️,70,3
สร้างบรรยากาศ,🅰️,70,3
ฝาบ้านแบบประหยัด,🅰️,70,3
บ้านปูนสองชั้น,🅰️,70,3
ระเบียงไม้หน้าบ้านสวยๆ,🅰️,70,3
ventilation ceiling,🅰️,70,3
ระเบียงไม้เทียม,🅰️,70,3
ประตูไม้สวยๆ,🅰️,70,3
บ้านปูนกับบ้านไม้เฌอร่า อันไหนแพงกว่ากัน,🅰️,70,2
two storey,🅰️,70,2
แต่งบ้านโทนสีเทา,🅰️,70,2
shera floor plank,🅰️,70,2
ceiling materials types,🅰️,70,2
บ้านไม้ฝาเฌอร่าสีเทา,🅰️,60,67
ผนังเฌอร่าบอร์ด,🅰️,60,65
ไม้ฝาเฌอร่าสีเทาอมฟ้า,🅰️,60,61
แบบบ้านไม้ฝาเฌอร่า,🅰️,60,60
บ้านไม้ฝาเฌอร่าสีฟ้า,🅰️,60,59
ไม้เทียมเฌอร่า,🅰️,60,49
แบบโครงสร้างโรงจอดรถ,🅰️,60,22
ประตูเข้าบ้านสวยๆ,🅰️,60,21
แบบประตูบ้านโมเดิร์น,🅰️,60,18
ไม้เชอร่า,🅰️,60,17
ไม้ปิดเชิงชาย,🅰️,60,13
ระเบียงไม้ระแนง,🅰️,60,13
ไม้ฝาเฌอร่ากั้นห้อง ราคา,🅰️,60,11
บ้านน็อคดาวน์ขนาดเล็ก,🅰️,60,9
รูปด้านหลังคาจั่ว,🅰️,60,9
ระแนง ระเบียง,🅰️,60,9
พื้นไม้สำเร็จรูป,🅰️,60,9
สีระแนงไม้,🅰️,60,9
ต่อเติมที่จอดรถ,🅰️,60,9
บ้านน็อคดาวน์ โมเดิร์น ชั้นเดียว,🅰️,60,8
ประตูลายโมเดิร์น,🅰️,60,8
หลังคา บ้าน,🅰️,60,8
บัวพื้นไม้เทียม,🅰️,60,7
กันสาดที่จอดรถ,🅰️,60,7
แผ่นผ้า,🅰️,60,7
แบบบ้านสำเร็จรูป ฟรี,🅰️,60,7
ประตู วงกบ,🅰️,60,7
ประตูไม้ระแนงสวยๆ,🅰️,60,7
รีโนเวทภายในบ้าน,🅰️,60,7
หลังคาสีขาว บ้านสีอะไร,🅰️,60,7
ทำหลังคาโรงรถ,🅰️,60,7
แผ่นพื้นกันน้ำ,🅰️,60,6
เฌอ ร่า บอร์ด 6 ม. ม. ราคา,🅰️,60,6
ฝ้ารอบนอกบ้าน,🅰️,60,6
ไม้ระแนงสำเร็จรูป,🅰️,60,6
แบบบ้านสองชั้นโมเดิร์น,🅰️,60,6
โมเดิร์น2ชั้น,🅰️,60,6
บ้านสไตล์โมเดิร์น มีกี่แบบ,🅰️,60,6
งานผนัง,🅰️,60,6
รูปภาพบ้านโมเดิร์น,🅰️,60,6
แบบผนังบ้านภายนอก,🅰️,60,6
ฝ้าหลังคาบ้าน,🅰️,60,6
ไม้ระแนงฝ้า,🅰️,60,6
แผ่นกั้นห้องนอน,🅰️,60,6
พื้นเทียม,🅰️,60,6
ระเบียงบ้านไม้,🅰️,60,6
แบบบ้านลอฟท์,🅰️,60,6
ผนังบ้านแบบใหม่,🅰️,60,6
loft style แปลว่า,🅰️,60,6
บานประตูไม้โมเดิร์น,🅰️,60,6
ตกแต่งฝาผนัง,🅰️,60,6
ผ้าเพดาน,🅰️,60,6
แผ่นไม้บันได,🅰️,60,6
ฝ้ส,🅰️,60,6
ฝ้าผนังห้อง,🅰️,60,6
แบบหน้าบ้านทรงโมเดิร์น,🅰️,60,5
ทับแนวฝ้า,🅰️,60,5
ตกแต่งภายนอก,🅰️,60,5
กันสาด โรงรถ,🅰️,60,5
ชนิดของฝ้าเพดาน,🅰️,60,5
เพดานไม้ระแนง,🅰️,60,5
ตัวอย่างฝ้าเพดาน,🅰️,60,5
แบบบ้านหลังคาจั่ว,🅰️,60,5
หลังคาโรงจอดรถหน้าบ้าน,🅰️,60,5
บ้านโมเดิร์นสีสวยๆ,🅰️,60,5
พื้นไม้เทียม ราคา,🅰️,60,5
ไม้ฝาเฌอร่า 6 นิ้ว ราคา,🅰️,60,5
การติดตั้งผนังเบา,🅰️,60,5
แต่งฝ้าเพดานสวยๆ,🅰️,60,5
ฝ้า ภายนอก,🅰️,60,5
แบบกั้นห้องผนังเบา,🅰️,60,5
แบบเพดานบ้านสวยๆ,🅰️,60,5
โทนเทา,🅰️,60,5
ตัวอย่างโรงจอดรถ,🅰️,60,5
ราคาไม้เชิงชาย,🅰️,60,4
แบบบ้านสวน โม เดิ ร์ น 2 ชั้น,🅰️,60,4
ขนาดเชิงชาย 2 in 1,🅰️,60,4
floorboard,🅰️,60,4
บ้านทรงตึก 2 ชั้น,🅰️,60,4
แบบผนัง,🅰️,60,4
wall board,🅰️,60,4
สีบ้านโทนเทา,🅰️,60,4
ตกแต่งบ้านโมเดิร์น ภายนอก,🅰️,60,4
ไม้กั้นห้องนอน,🅰️,60,4
เชิงชายหลังคาโมเดิร์นราคา,🅰️,60,4
แผ่นกั้นผนังห้อง,🅰️,60,4
ลูกนอนบันไดไม้เทียม,🅰️,60,4
sierra plank,🅰️,60,4
บ้านน้อคดาวน์,🅰️,60,4
แบบซุ้มประตูไม้,🅰️,60,4
แบบเพดาน,🅰️,60,4
ไม้ระแนงพื้น,🅰️,60,4
ฝ้าหน้าบ้านสวยๆ,🅰️,60,4
ระแนงไม้สำเร็จรูป,🅰️,60,4
ไม้พื้นไฟเบอร์ซีเมนต์,🅰️,60,3
ราคาไม้ฝาเฌอร่า 8 นิ้ว ยาว 6 เมตร,🅰️,60,3
ไม้ฝาเฌอร่ามีกี่ขนาด,🅰️,60,3
สไตล์ loft,🅰️,60,3
ไม้ฝาเฌอร่าสีเทาเข้ม,🅰️,60,3
ระแนงสวยๆ,🅰️,60,3
ขนาดไม้เชิงชาย,🅰️,60,3
ไม้ฝาเฌอร่าสีเทา,🅰️,60,3
แบบผนังบ้านภายใน,🅰️,60,3
บันไดสําเร็จรูป นอกอาคาร,🅰️,60,3
สีโทนเทา,🅰️,60,3
กั้นห้องผนังเบา ห้องนอน,🅰️,60,3
แผ่นพื้นไม้,🅰️,60,3
บ้านสไตล์ลอฟท์ชั้นเดียว,🅰️,60,3
บันไดภายนอก,🅰️,60,3
ไฟเบอร์ ซีเมนต์ บอร์ด,🅰️,60,3
รั้วสีน้ำตาล,🅰️,60,3
งบรีโนเวทบ้าน,🅰️,60,2
บ้าน โมเดิร์น,🅰️,60,2
ฝ้าเพดานภายนอก ลายไม้,🅰️,60,2
สีย,🅰️,60,2
shera weatherboard,🅰️,60,2
ไม้ระแนง ภายนอก,🅰️,60,2
ลูกนอน บันได,🅰️,60,2
แผงไม้,🅰️,60,2
สีไฟเบอร์,🅰️,60,2
ไม้บันไดลูกนอน,🅰️,60,2
บ้าน น็อค ดาวน์ สํา เร็ จ รูป,🅰️,60,2
พื้นผิวเรียบ,🅰️,60,2
สีครีมตัดกับสีอะไรสวย,🅰️,60,2
สีบ้านเทา,🅰️,60,2
ประตูบานใหญ่หน้าบ้าน,🅰️,60,2
ฝ้าเพดาน ไม้ สํา เร็ จ รูป,🅰️,60,2
ฝ้าเพดานภายนอก ราคา,🅰️,60,2
สมาร์ทบอร์ด คือ,🅰️,60,2
โรงจอดรถ ไม่มี เสาหน้า,🅰️,60,2
พื้นเฌอร่า,🅰️,50,58
ประตูไม้เฌอร่า,🅰️,50,54
ไม้เฌอร่าผนังบ้าน,🅰️,50,51
ไม้ฝาเฌอร่าสีขาว,🅰️,50,50
สีเฌอร่า,🅰️,50,49
แผ่นผนังเฌอร่าบอร์ด,🅰️,50,48
รั้วไม้ฝาเฌอร่า,🅰️,50,47
ฝ้าเพดานไม้เฌอร่า,🅰️,50,47
เฌอร่า บอร์ด,🅰️,50,32
ฝา เฌอ บ้าน ครึ่ง ปูน ครึ่ง ไม้ เฌอ ร่า,🅰️,50,25
ไม้ เฌอร่า,🅰️,50,24
บ้าน ไม้ ฝา เฌอ ร่า สวย ๆ,🅰️,50,23
ร้านขายไม้ฝาเฌอร่า ใกล้ฉัน,🅰️,50,20
โครงสร้างโรงจอดรถ,🅰️,50,19
ชายหลังคา,🅰️,50,18
ตั้งไม้,🅰️,50,18
แม่บันไดไม้,🅰️,50,17
ฝ้า เพดาน ฝ้า ไม้ ระแนง,🅰️,50,16
โครงหลังคาจอดรถ,🅰️,50,16
ไม้เชิงชายเฌอร่า 6 นิ้ว ราคา,🅰️,50,10
ระแนงบ้านสวยๆ,🅰️,50,10
วงกบไฟเบอร์ซีเมนต์,🅰️,50,10
ไม้รั้วเฌอร่า 4 นิ้ว ราคา,🅰️,50,9
บริษัท เฌอ ร่า ลพบุรี สมัครงาน,🅰️,50,9
ราคาพื้นไม้เทียม เฌอร่า,🅰️,50,8
รั้วไม้ระแนงสีขาว,🅰️,50,8
ระแนงสีเทา,🅰️,50,8
แผ่นพื้นไม้เทียมภายนอก,🅰️,50,7
ceiling shera board,🅰️,50,7
ฝาผนังภายนอก,🅰️,50,7
house design wood style,🅰️,50,7
แผ่นไม้ฝาเฌอร่า ราคา,🅰️,50,7
บ้านน็อคดาวน์หลังเล็กๆ,🅰️,50,7
กั้นห้อง diy,🅰️,50,6
ระแนงสำเร็จ,🅰️,50,6
ไม้ระแนง ฝ้าเพดาน,🅰️,50,6
บันไดไม้เทียม ภายนอก,🅰️,50,6
เฌอร่าบอร์ด 8 มิล ราคา,🅰️,50,6
โมเดิร์น 2 ชั้น,🅰️,50,6
สไตล์ลอฟท์คืออะไร,🅰️,50,6
โรงจอดรถไม้,🅰️,50,6
รีโนเวทตึกแถวงบ 300 000,🅰️,50,6
ผ่าเพดาน,🅰️,50,6
ฝาบ้านไม้เก่า,🅰️,50,6
โมเดลบ้านโมเดิร์น,🅰️,50,6
แบบบ้านไม้ทรงโมเดิร์น,🅰️,50,6
เชิงชายบ้านโมเดิร์น,🅰️,50,6
บ้านไม้ โมเดิร์น,🅰️,50,6
แบบบ้านจั่ว,🅰️,50,6
ออกแบบโรงรถ,🅰️,50,6
บ้าน หลังคา จั่ว,🅰️,50,5
ฝ้าห้องครัวสวยๆ,🅰️,50,5
ห้องสีลอฟท์,🅰️,50,5
ฝ้าเพดานภายนอก สวยๆ,🅰️,50,5
ไม้อัดซีเมนต์,🅰️,50,5
แบบโครงหลังคาโรงรถ,🅰️,50,5
ระแนง กันแดด หลังคา ไม้ ระแนง,🅰️,50,5
พื้นไม้ภายนอก,🅰️,50,5
รูปตัดบ้านไม้,🅰️,50,5
บ้านน็อคดาวน์สไตล์มินิมอล,🅰️,50,5
บ้านโมเดิร์นไม้,🅰️,50,5
ใ้า,🅰️,50,5
ฝ้าในบ้าน,🅰️,50,5
รูปฝ้าเพดาน,🅰️,50,5
แบบบ้านสไตล์โมเดิร์น 2 ชั้น,🅰️,50,5
ต่อ เติม โรง จอด รถ,🅰️,50,5
สีเทาโมเดิร์น,🅰️,50,5
ผนังบ้านไม้สวยๆ,🅰️,50,5
ฝ้าเพดาน สวยๆ,🅰️,50,5
ฝ้าภายนอกแผ่นเรียบ,🅰️,50,5
หลังคาโรงรถหน้าบ้าน,🅰️🔍,50,4
พื้นคลิปล็อค,🅰️,50,4
ผนัง ไม้ ระแนง,🅰️,50,4
บ้าน2ชั้นทรงโมเดิร์น,🅰️,50,4
ไอเดียทาสีผนังห้อง,🅰️,50,4
บ้านหลังคา,🅰️,50,4
ขั้นบันไดไม้เทียม,🅰️,50,4
รูปบ้านโมเดิร์น 2 ชั้น,🅰️,50,4
การทาสีไม้,🅰️,50,4
ผนังเซาะร่อง ภายนอก,🅰️,50,4
ไม้ติดผนังบ้าน,🅰️,50,4
ไม้ระแนงปูพื้นภายนอก,🅰️,50,4
พนังห้อง,🅰️,50,4
แปลนบ้าน 2 ชั้น โมเดิร์น,🅰️,50,4
สัญญารับเหมาต่อเติมบ้าน,🅰️,50,4
ต่อหลังคาโรงรถ,🅰️,50,4
แบบบ้านทรงโมเดิร์นสวยๆ,🅰️,50,4
ไม้รั่ว,🅰️,50,4
เฌอ ร่า บอร์ด 4 ม. ม. ราคา,🅰️,50,4
แบบบ้านสําเร็จรูป ฟรี,🅰️,50,4
รั้วบ้านไม้,🅰️,50,4
โทนบ้านสีเทา,🅰️,50,4
เชิงชายคือ,🅰️,50,4
ฝ้าผนังเบา,🅰️,50,4
ฟ่าบ้าน,🅰️,50,4
ปูพื้นไม้เทียมนอกบ้าน,🅰️,50,4
บ้านน็อคดาวน์ โมเดิร์น ลอฟท์,🅰️,50,4
ลายฝ้า,🅰️,50,4
ฝาบ้านคืออะไร,🅰️,50,4
รูปแบบโรงจอดรถ,🅰️,50,4
สีไม้ระแนงสวยๆ,🅰️,50,3
แบบระแนง,🅰️,50,3
doorframe,🅰️,50,3
ชนิดฝ้าเพดาน,🅰️,50,3
ไอเดียฝ้าเพดาน,🅰️,50,3
shera board design,🅰️,50,3
ประตูบ้านไม้สวยๆ,🅰️,50,3
ทาไม้,🅰️,50,3
แผ่นเรียบไฟเบอร์ซีเมนต์,🅰️,50,3
ตกแต่งฝาผนังบ้าน,🅰️,50,3
ประตูใหญ่,🅰️,50,3
แบบรั้วไม้ระแนง,🅰️,50,3
บ้านโมเดิล,🅰️,50,3
สีไม้ทาบ้าน,🅰️,50,3
ทรงบ้านโมเดิร์นชั้นเดียว,🅰️,50,3
หลังคาบ้านสวยๆ,🅰️,50,3
ผนังบ้านไม้,🅰️,50,3
บ้านน้อคดาว,🅰️,50,3
ระแนงประตูรั้ว,🅰️,50,3
ไม้ฝาเฌอร่าสีไหนสวย,🅰️,50,3
ขนาดไม้ระแนงเฌอร่า,🅰️,50,3
แผ่นไฟเบอร์ซีเมนต์ ผนัง,🅰️,50,3
บ้านโมเดิ้ล,🅰️,50,3
สมาร์ทบอร์ด 20 มิล,🅰️,50,3
ผนังแผ่นเรียบ,🅰️,50,3
ไม้หน้า 6,🅰️,50,3
ทรง จั่ว แบบ บ้าน 2 ชั้น หลังคา จั่ว,🅰️,50,3
ลายฉลุไม้สวยๆ,🅰️,50,3
แผ่นฝ้ากั้นห้อง,🅰️,50,2
เฌอร่าลายไม้,🅰️,50,2
ผนังเบา ภายนอก,🅰️,50,2
ไม้มอบ pvc,🅰️,50,2
แบบกันสาดสวยๆ,🅰️,50,2
ราคา ไม้ฝา เฌอ ร่า หน้า 6'' ยาว 3 เมตร,🅰️,50,2
การกั้นห้องผนังเบา,🅰️,50,2
แบบชายคาบ้านสวยๆ,🅰️,50,2
คํานวณ ฝ้าเพดาน,🅰️,50,2
สี oak,🅰️,50,2
ตกแต่งผนังบ้านภายใน,🅰️,50,2
ลูกตั้งบันไดไม้,🅰️,50,2
ไม้มอบ คือ,🅰️,50,2
ฝ้าเพดานห้องครัวแบบไหนดี,🅰️,50,2
ฝ้าฉลุ,🅰️,50,2
ทางเข้าหมู่บ้านสวยๆ,🅰️,50,2
type of wood,🅰️,50,2
คู่มือติดตั้งเมทัลชีท pdf,🅰️,50,2
ไม้ ระแนง เฌอ ร่า 3 นิ้ว ราคา,🅰️,50,2
ออกแบบที่จอดรถในบ้าน,🅰️,50,2
house eaves,🅰️,50,1
two tone,🅰️,50,1
รูปด้านบ้าน2ชั้น,🅰️,50,1
ขนาดพื้นไม้,🅰️,50,1
shera ceiling board price,🅰️,50,1
เชิงชายบ้าน,🅰️,50,1
บันไดบ้านสําเร็จรูป ราคา,🅰️,50,1
บ้านฝาเฌอร่า,🅰️,40,46
เฌอร่าบอร์ดโปร,🅰️,40,46
ไม้ฝาเฌอร่าสีสักทอง,🅰️,40,45
ฝ้าไม้เฌอร่า,🅰️,40,42
เชิงชายวันพลัส,🅰️,40,42
สีทาไม้เฌอร่าสีสักทอง,🅰️,40,41
ฝาเฌอร่า,🅰️,40,39
ฝ้าเฌอร่า,🅰️,40,39
แผ่นพื้นเฌอร่าบอร์ด,🅰️,40,38
บัวเฌอร่า,🅰️,40,38
รั้วไม้ระแนงเฌอร่า,🅰️,40,37
สีทาไม้พื้นเฌอร่า,🅰️,40,37
ฝาบ้านไม้เฌอร่า,🅰️,40,37
ระแนงไม้เฌอร่า,🅰️,40,27
บ้านไม้ฝาเฌอร่าสีเทา 2 ชั้น,🅰️,40,22
ไม้ฝาสเปลนดิด เฌอร่า,🅰️,40,21
shera สมัครงาน,🅰️,40,20
เชิงชาย เฌอร่า,🅰️,40,19
แบบบ้านน็อคดาวน์ สไตล์โมเดิร์น,🅰️,40,18
ไม้เชิงชาย เฌอร่า,🅰️,40,18
บริษัท เฌอ ร่า สาย 5 สมัครงาน,🅰️,40,16
shera board ceiling design,🅰️,40,16
บ้านไม้ฝา,🅰️,40,15
sherra,🅰️,40,15
สร้างที่จอดรถ,🅰️,40,15
สร้างโรงรถ,🅰️,40,15
บันไดสำเร็จ,🅰️,40,13
โครงสร้างที่จอดรถ,🅰️,40,13
แบบบ้าน loft,🅰️,40,9
ฝาเฌอร่า ราคา,🅰️,40,9
ไม้บัวเฌอร่า 2 นิ้ว,🅰️,40,9
ไม้ฝาไฟเบอร์ซีเมนต์,🅰️,40,8
ceiling board,🅰️,40,7
รูปแบบประตูหน้าบ้าน,🅰️,40,6
สีหลังคากระเบื้อง,🅰️,40,6
ไม้ ฝา สี สัก ทอง,🅰️,40,6
รูปประตูบ้าน,🅰️,40,6
ไม้ฝาเฌอร่า ขนาด,🅰️,40,6
บ้านทรงโมเดิน,🅰️,40,6
ไม้ฝากั้นห้อง,🅰️,40,6
สีทาไม้สักทอง,🅰️,40,5
หลังคาสี,🅰️,40,5
สีไม้เชิงชาย,🅰️,40,5
ผนังไม้ฝา,🅰️,40,5
ห้องปูนลอฟท์,🅰️,40,5
ไม้ฝา เฌอ ร่า 1 มัด มี กี่ แผ่น,🅰️,40,5
ฝ้าบ้านโมเดิร์น,🅰️,40,5
บ้าน 2 ชั้น มี ระเบียง,🅰️,40,5
ไม้ฝาเฌอร่า 1 มัดมีกี่แผ่น,🅰️,40,5
ฟาเพดาน,🅰️,40,5
สร้างบ้านน็อคดาวน์ งบ 50000,🅰️,40,5
ฝ้าชายคา บ้าน โม เดิ ร์ น,🅰️,40,5
ไม้ระแนงเฌอร่า ราคา,🅰️,40,5
ไม้เชิงชาย หลังคาเมทัลชีท,🅰️,40,5
สีระแนง,🅰️,40,5
ไม้บันไดเทียม,🅰️,40,4
ผนังเบา คือ,🅰️,40,4
แผงบังตา สําเร็จรูป,🅰️,40,4
ฝ้าเซาะร่อง,🅰️,40,4
หลังคาสีเทา เชิงชายสีอะไร,🅰️,40,4
ฝ้า ระแนง,🅰️,40,4
ฝ้าไม้ระแนงหน้าบ้าน,🅰️,40,4
หลังคาบ้านสีน้ำตาล,🅰️,40,4
ฝากั้นห้อง,🅰️,40,4
สีรองพื้นไฟเบอร์ซีเมนต์,🅰️,40,4
ไม่ฝา,🅰️,40,4
เชิงชาย ราคา,🅰️,40,4
ฝ้าระแนงลายไม้,🅰️,40,4
บ้านโทนสีขาวเทา,🅰️,40,4
ออกแบบประตู,🅰️,40,4
รูปด้านบ้าน โมเดิร์น,🅰️,40,4
ระแนงต้นไม้,🅰️,40,4
รูปภาพประตู,🅰️,40,4
ระแนง รั้ว บ้าน,🅰️,40,4
โรงเก็บรถ,🅰️,40,4
บ้านสองชั้นทรงโมเดิร์น,🅰️,40,3
หลังคาไม้เทียม,🅰️,40,3
แบบเพดานสวยๆ,🅰️,40,3
โหลด แบบบ้าน โม เดิ ร์ น ฟรี,🅰️,40,3
ออกแบบฝ้าเพดาน,🅰️,40,3
สีเชิงชาย,🅰️,40,3
ราคาไม้พื้นเทียม,🅰️,40,3
แผ่นผนัง เฌอ ร่า บอร์ด ราคา,🅰️,40,3
กันสาด ที่ จอด รถ,🅰️,40,3
บ้านไม้สีเทา,🅰️,40,3
ระแนงบังแดด บ้าน โม เดิ ร์ น,🅰️,40,3
บ้านโมเดิร์น 2 ชั้นเล็กๆมีระเบียง,🅰️,40,3
ปิดลอนกระเบื้อง,🅰️,40,3
ฝ้า เพดาน สวย ๆ ห้อง นอน,🅰️,40,3
สีทาไม้ใช้สีอะไร,🅰️,40,3
งานลอฟท์ ผนัง,🅰️,40,3
แผ่นเชิงชาย ราคา,🅰️,40,3
eaves vs soffit,🅰️,40,3
ฝ้ารอบนอก ราคา,🅰️,40,3
ระแนงไม้หน้าบ้าน,🅰️,40,3
ขนาดบัวผนัง,🅰️,40,3
ไฟเบอร์ ซีเมนต์ ลายไม้,🅰️,40,3
แผ่นผนังบ้าน,🅰️,40,3
บ้าน2ชั้น โมเดิร์น,🅰️,40,3
แผงไม้ระแนง,🅰️,40,3
บ้านทรงสเปน 2 ชั้น,🅰️,40,3
รูปบ้านสไตล์โมเดิร์น,🅰️,40,3
สีบ้านสไตล์ลอฟท์,🅰️,40,3
ฝ้าเพดานระบายอากาศ,🅰️,40,3
เชิงชาย ขนาด,🅰️,40,3
สีทาไม้เฌอร่า toa,🅰️,40,3
แผ่นซีเมน,🅰️,40,3
แต่งฝ้าเพดาน,🅰️,40,3
แผ่นไฟเบอร์ซีเมนต์ ปูพื้น,🅰️,40,3
ระเเนงไม้,🅰️,40,3
ประตูไม้ระแนง สําเร็จรูป,🅰️,40,3
บันไดลายไม้,🅰️,40,3
ดูแบบบ้านโมเดิร์นชั้นเดียว,🅰️,40,3
บ้านสีเทาสวยๆ,🅰️,40,3
บ้านทรงโมเดล,🅰️,40,3
ไม้ตกแต่งภายนอก,🅰️,40,3
ห้องผนังเบา,🅰️,40,3
ฝ้าหลังคาจั่ว,🅰️,40,3
เก็บงาน,🅰️,40,3
ประตู รั้ว ไม้ ระแนง,🅰️,40,2
แบบบ้านสวยๆสองชั้น,🅰️,40,2
ราคาไม้เฌอร่า 8 นิ้ว ราคา,🅰️,40,2
ภาพบ้านโมเดิร์น,🅰️,40,2
ไม้ บันได ลูก นอน,🅰️,40,2
ระยะห่างแป,🅰️,40,2
ฝ้าน,🅰️,40,2
ราวกันตกไม้,🅰️,40,2
แผ่นบอร์ดปูพื้น,🅰️,40,2
บ้านโทนสีเทาอ่อน,🅰️,40,2
เพดานห้องนอนสวยๆ,🅰️,40,2
พื้นไม้เทียมภายนอก ราคา,🅰️,40,2
ระแนงฝ้าไม้เทียม,🅰️,40,2
ฝ้า เพดาน ห้อง,🅰️,40,2
แผ่นผนังห้อง,🅰️,40,2
ไม้สำเร็จรูป,🅰️,40,2
eaves on a house,🅰️,40,2
ระแนงบังตา ระเบียง,🅰️,40,2
สีย้อมไม้เทียม,🅰️,40,2
ไม้ระแนงหน้าบ้าน,🅰️,40,2
ราคาไม้เทียมปูพื้น,🅰️,40,2
แผ่น,🅰️,40,2
แผ่นsmart board,🅰️,40,2
ไฟล์ cad แบบบ้านชั้นเดียว autocad ฟรี,🅰️,40,2
loft houses,🅰️,40,2
ไอเดียแต่งผนังบ้าน,🅰️,40,2
ร้านขายฝ้าเพดาน,🅰️,40,2
บ้านงบ5หมื่น,🅰️,40,2
หลังคาโมเดิร์นเล่นระดับ,🅰️,40,2
หลังคาบ้านนอร์ดิก,🅰️,40,2
ราคาไม้ฝา 6 นิ้ว ยาว 3 เมตร,🅰️,40,2
ไม้ระแนงปูพื้น,🅰️,40,2
แผ่น ซีเมนต์ บอร์ด,🅰️,40,2
หลังคา โรงรถ โรงจอดรถ โม เดิ ร์ น,🅰️,40,2
ประตูไม้บานใหญ่,🅰️,40,2
รูปฝ้าหลุมแบบต่างๆ,🅰️,40,2
ไม้เชิงชาย 10 นิ้ว,🅰️,40,2
บ้านทรงโมเดิร์น ชั้นเดียว,🅰️,40,2
shera splendid plank,🅰️,40,2
cera boards,🅰️,40,2
ฝ้า มีกี่แบบ,🅰️,40,1
ระเบียงบ้านไม้สวยๆ,🅰️,40,1
บ้านสีเทาหลังคาสีอะไรดี,🅰️,40,1
บ้านสีเทา หลังคาสีอะไรดี,🅰️,40,1
เพดานสวยๆ,🅰️,40,1
บ้านโมเดิร์นขนาดเล็ก,🅰️,40,1
ใช้อะไรแทนฝ้าเพดาน,🅰️,40,1
สีห้องรับแขก โมเดิร์น,🅰️,40,1
แผ่นไฟเบอร์ ซีเมนต์,🅰️,40,1
ผนังเบาลายไม้ราคา,🅰️,40,1
แผ่นฝ้าเฌอร่า,🅰️,30,36
ไม้ฝาเฌอร่าสีธรรมชาติ,🅰️,30,36
บ้านไม้ฝาเฌอร่าสีขาว,🅰️,30,35
ฝาเชอร่ามีกี่สี,🅰️,30,33
ประตูเฌอร่า,🅰️,30,32
สีย้อมไม้เฌอร่า,🅰️,30,31
บ้านไม้เฌอร่าสีเทา,🅰️,30,31
ฝ้าระแนงเฌอร่า,🅰️,30,30
สีเก็บงานไม้เฌอร่า,🅰️,30,30
ไม่ฝาเฌอร่า,🅰️,30,30
ไม้ผนังเฌอร่า,🅰️,30,29
ไม้ฝาเฌอร่าสีเทาโมเดิร์น,🅰️,30,28
บ้านไม้ฝาเฌอร่าสีเทาเข้ม,🅰️,30,28
สีทาไม้เฌอร่าภายนอก,🅰️,30,28
ประตูไม้ฝาเฌอร่า,🅰️,30,26
แผ่นเชิงชายเฌอร่า,🅰️,30,26
ไม้ระแนงบังตา เฌอร่า,🅰️,30,18
แบบบ้านน็อคดาวน์ชั้นเดียว,🅰️,30,17
ระแนง ไม้ ฝา เฌอ ร่า,🅰️,30,17
ไม้เฌอร่า ขนาด,🅰️,30,16
ไม้ระแนงเฌอร่า ทํารั้ว,🅰️,30,16
ไม้ฝาเชอร่า,🅰️,30,15
สีทา เฌอร่า,🅰️,30,14
บ้านไม้ เฌอ ร่า งบ 100000,🅰️,30,14
บ้านไม้ชั้นเดียวสไตล์รีสอร์ท,🅰️,30,14
ไม้ฝาเฌอร่า แผ่นเรียบ,🅰️,30,14
ฝ้าตกแต่ง,🅰️,30,13
โรงงานเฌอร่า ลพบุรี,🅰️,30,13
ไม้ระแนงสีโอ๊ค,🅰️,30,13
ฝ้าเพดานไม้ระแนง,🅰️,30,12
shera company,🅰️,30,12
แบบฝาผนังบ้าน,🅰️,30,12
ทำหลังคาจอดรถ,🅰️,30,12
รั้วเฌอร่า,🅰️,30,11
บ้านลอฟ,🅰️,30,11
ไม้ ฝา เฌอ ร่า สี สัก ทอง,🅰️,30,11
ไม้ฝาเฌอร่า สี,🅰️,30,11
ไม้เทียม บันได,🅰️,30,11
สีกระเบื้องหลังคาบ้าน,🅰️,30,11
สีเชิงชายบ้านโมเดิร์น,🅰️,30,11
โครงหลังคาที่จอดรถ,🅰️,30,11
ชายคาหลังคา,🅰️,30,10
แผ่นปิดรั้วบ้าน,🅰️,30,9
shera board false ceiling,🅰️,30,9
ไม้ฝาเฌอร่า สีแดงมะฮอกกานี,🅰️,30,8
ระแนง ระเบียง บ้าน,🅰️,30,6
ผนัง ไม้ ฝา เฌอ ร่า กั้น ห้อง,🅰️,30,6
หลังคาไม้ระแนง,🅰️,30,5
shera panel,🅰️,30,5
ไม้ฝา ราคา,🅰️,30,5
บ้านทาสีลอฟท์,🅰️,30,5
ช่องลมไม้ระแนง,🅰️,30,5
25*300,🅰️,30,5
พื้นกระดาน,🅰️,30,4
แบบผนังบ้าน,🅰️,30,4
ฝาบ้านภายนอก,🅰️,30,4
รูปประตูหน้าบ้านสวยๆ,🅰️,30,4
ตกแต่งบ้านสไตล์ลอฟท์,🅰️,30,4
แบบฝ้าเพดาน ห้อง รับแขก,🅰️,30,4
บัวพื้นไฟเบอร์ซีเมนต์,🅰️,30,4
บ้านน็อคดาวน์ คืออะไร,🅰️,30,4
หลังคาสีน้ำตาล เชิงชายสีอะไร,🅰️,30,4
รีโนเวทบ้านภายใน,🅰️,30,4
ระแนงกันแดด สําเร็จรูป,🅰️,30,4
ไม้ ระแนง สี เทา,🅰️,30,4
กั้น ผนัง ห้อง,🅰️,30,4
แบบ ลาน จอด รถ,🅰️,30,4
แบบที่จอดรถยนต์,🅰️,30,4
บ้าน ไม้ ระแนง,🅰️,30,3
ฝาผนังห้องนอน,🅰️,30,3
ไม้ เทียม ปู พื้น ภายนอก,🅰️,30,3
ไฟเบอร์ซีเมนต์ กับ สมาร์ทบอร์ด,🅰️,30,3
ไอเดียบ้าน2ชั้น,🅰️,30,3
ปิดชายคา,🅰️,30,3
บ้านชั้น2,🅰️,30,3
บ้านโมเดิ้น,🅰️,30,3
บ้านโมเดริน,🅰️,30,3
แผ่นพื้นบันได,🅰️,30,3
กั้นผนังห้อง,🅰️,30,3
ไม้พื้นเฌอร่า โฮมโปร,🅰️,30,3
ไม้ฝาบ้านเก่า,🅰️,30,3
ไม้มอบฝ้าชายคา,🅰️,30,3
ฝ่าห้อง,🅰️,30,3
ระแนงเฉียง,🅰️,30,3
รูปฝ้าเพดานสวยๆ,🅰️,30,3
แปอลูซิง,🅰️,30,3
ดูแบบบ้านสไตล์โมเดิร์น,🅰️,30,3
ฝากั้นห้องนอน,🅰️,30,3
แบบฝ้าเพดานห้องนอน,🅰️,30,3
สไตล์ ลอฟท์ คือ,🅰️,30,3
ไม้ฝาเฌอร่า สีสักทองประกายเงา,🅰️,30,3
แผ่นผนังเฌอร่าบอร์ด ราคา,🅰️,30,3
แผ่นปิดลอนกระเบื้อง,🅰️,30,3
แผ่นพื้นเฌอร่าบอร์ด ราคา,🅰️,30,3
ไม้เฌอร่า 3 นิ้ว ราคา,🅰️,30,3
ไม้ เชิงชาย เฌอ ร่า 8 นิ้ว ราคา,🅰️,30,3
รูป บ้าน โม เดิ ร์ น สวย ๆ,🅰️,30,3
ดูแบบบ้านทรงโมเดิร์น,🅰️,30,3
ฝ้าเพดานนอกบ้าน,🅰️,30,3
บ้านน็อคดาวน์หลังเล็ก,🅰️,30,3
ไม้ระแนงสำเร็จ,🅰️,30,3
แผ่นฟา,🅰️,30,3
ฝ้าเพดาน ภายนอก,🅰️,30,3
ตกแต่ง ผนัง,🅰️,30,3
ระแนงชายคาบ้าน,🅰️,30,3
ฝ้าเพดานซ่อนไฟ,🅰️,30,3
สีครีมตัดกับสีอะไร,🅰️,30,3
บ้านไม้เทียม,🅰️,30,3
หลังคาบ้านสีเทา ตัวบ้านสีอะไรดี,🅰️,30,2
แผ่นผ่า,🅰️,30,2
ลายเซาะร่องผนัง,🅰️,30,2
ไม้ฝาราคา,🅰️,30,2
shera sheet design,🅰️,30,2
รั้วโกสน,🅰️,30,2
ไม้ฝา 6 นิ้ว ราคา,🅰️,30,2
แผ่นฝาบ้าน,🅰️,30,2
ซีเมนบอด,🅰️,30,2
ผนังเบากั้นห้องนอน,🅰️,30,2
ไม้ระแนงรั้วบ้าน,🅰️,30,2
ผนังไม้ตกแต่ง,🅰️,30,2
เชิงชายราคา,🅰️,30,2
ระเบียงบ้านโมเดิร์น 2 ชั้น,🅰️,30,2
ขนาดระแนงไม้,🅰️,30,2
เฌอร่าบอร์ด กับ สมาร์ทบอร์ด,🅰️,30,2
กำแพงกั้นห้อง,🅰️,30,2
ต่อโรงรถ,🅰️,30,2
แบบฝ้าบ้าน,🅰️,30,2
แผ่นฝ้าชายคา,🅰️,30,2
แบบบ้านหลังคาจั่ว 2 ชั้น,🅰️,30,2
ราคาไม้เฌอร่า 6 นิ้ว,🅰️,30,2
ผนัง smart board,🅰️,30,2
รีโนเวททาวน์เฮ้าส์ งบ 3 แสน,🅰️,30,2
ฝ้าตามแนวหลังคา,🅰️,30,2
ไม้ระแนง ขนาด,🅰️,30,2
พื้นไม้เทียมภายในราคา,🅰️,30,2
ไม้พื้นเทียมราคาถูก,🅰️,30,2
แผ่นไม้กั้นห้อง,🅰️,30,2
ราคาไม้ฝาเฌอร่า 6 นิ้ว ยาว 4 เมตร,🅰️,30,2
ไม้ฝาสีเทา,🅰️,30,2
หลังคา สี น้ำตาล,🅰️,30,2
บ้านน็อคดาวน์งบ 50000,🅰️,30,2
พื้น ไม้ เทียม ราคา,🅰️,30,2
ระแนง ไฟเบอร์ ซีเมนต์,🅰️,30,2
ไม้เชิงชาย ราคา,🅰️,30,2
ไม้พื้นบ้าน,🅰️,30,2
โรงรถติดบ้าน,🅰️,30,2
บ้านสวยสไตล์โมเดิร์น,🅰️,30,2
สมาร์ทบอร์ดลายอิฐ,🅰️,30,2
ไม้แผ่นปูพื้น,🅰️,30,2
บ้านเทาขาว,🅰️,30,2
ราคาไม้ฝาเฌอร่า 6 นิ้ว ยาว 3 เมตร,🅰️,30,2
ไม้บันได ลูกนอน,🅰️,30,2
ไม้ตกแต่งภายใน,🅰️,30,2
แผ่นกันนกกระจอก,🅰️,30,2
อุปกรณ์ผนังเบา,🅰️,30,2
แผ่นเชลล่า,🅰️,30,2
รั้ว สไตล์ โม เดิ ร์ น,🅰️,30,2
แบบบ้านสวนโมเดิร์น 2 ชั้น,🅰️,30,2
บ้านสีเทาหลังคาสีอะไร,🅰️,30,2
ไม้เฌอร่าสีเทา,🅰️,30,2
ฝ้าระบายอากาศภายนอก,🅰️,30,2
แบบหลังคานอร์ดิก,🅰️,30,2
ฝาสำเร็จ,🅰️,30,2
ไม้ ฝา เทียม,🅰️,30,2
แบบบ้านโทนสีเทา,🅰️,30,2
สีไม้ฝา,🅰️,30,2
รับมุงหลังคาเมทัลชีท,🅰️,30,2
ตัวอย่างโรงรถ,🅰️,30,2
กรุผนังไม้,🅰️,30,1
บ้านโมเดิร์นหรูหรา,🅰️,30,1
แบบบ้านสีเทาสวยๆ,🅰️,30,1
กั้นห้องแบบง่ายๆ,🅰️,30,1
ไม้มอบพลาสติก,🅰️,30,1
เชิงชายหลังคาจั่ว,🅰️,30,1
แบบบ้านสำเร็จ,🅰️,30,1
แต่งผนังหน้าบ้าน,🅰️,30,1
ระแนงบันได,🅰️,30,1
ไม้เทียมปูพื้น ราคา,🅰️,30,1
ceiling eaves vent,🅰️,30,1
modern house 2 story,🅰️,30,1
กั้นห้องง่ายๆ,🅰️,30,1
ไม้ฝาบ้านราคาถูก,🅰️,30,1
ผังบ้าน 2 ชั้น,🅰️,30,1
ไม้เทียมราคา,🅰️,30,1
ประตูรั้วไม้เฌอร่า,🅰️,20,25
ไม้ฝาเฌอร่าสีฟ้าไอริส,🅰️,20,24
ไม้ฝาเฌอร่าแบบเรียบ,🅰️,20,24
แบบฝาบ้านไม้เฌอร่า,🅰️,20,23
สมาร์ทบอร์ดเฌอร่า,🅰️,20,23
ไม้ตกแต่งเฌอร่า,🅰️,20,23
ฝาไม้เฌอร่า,🅰️,20,21
ฝาเชลล่า,🅰️,20,21
รั้วบ้านไม้เฌอร่าสวยๆ,🅰️,20,21
แบบไม้ฝาเฌอร่า,🅰️,20,20
เฌอร่าลพบุรี,🅰️,20,20
เณอร่า,🅰️,20,20
ไม้ฝ้าเพดานเฌอร่า,🅰️,20,16
ราวระเบียงไม้เฌอร่า,🅰️,20,16
เฌอร่าระแนง,🅰️,20,16
ไม้ฝ้าเฌอร่า,🅰️,20,16
สีทาไม้ระแนงเฌอร่า,🅰️,20,16
เฌอร่าบอร์ด เซาะร่อง,🅰️,20,14
ระแนง บังตา ไม้ ระแนง เฌอ ร่า,🅰️,20,14
ระแนง เฌอร่า,🅰️,20,13
spc shera,🅰️,20,12
ไม้เฌอร่า สี,🅰️,20,11
แบบ ระเบียงบ้านไม้ เฌอ ร่า,🅰️,20,11
ไม้บันไดสําเร็จรูป เฌอร่า,🅰️,20,11
แผ่นเฌอร่า ผนัง,🅰️,20,11
บริษัท เฌอร่า,🅰️,20,10
แต่งบ้านลอฟท์,🅰️,20,10
รั้วไม้เฌอร่า สวยๆ,🅰️,20,9
บัวพื้น เฌอร่า,🅰️,20,9
ไม้บัว เฌอร่า,🅰️,20,9
แบบบ้านน็อคดาวน์ไม้,🅰️,20,9
แบบบ้านกระจก โมเดิร์น2ชั้น,🅰️,20,9
เฌอร่า บอร์ด โปร,🅰️,20,9
ไม้ฝาสีสักทอง,🅰️,20,9
ระเบียงหน้าบ้านไม้ระแนง,🅰️,20,8
shera ceiling board,🅰️,20,8
สี ไม้ ระแนง เฌอ ร่า,🅰️,20,8
บันได ไม้เทียม,🅰️,20,8
ฝ้าระบายอากาศ เฌอร่า,🅰️,20,8
ไม้บัวเฌอร่า 4 นิ้ว,🅰️,20,7
shera false ceiling,🅰️,20,7
ไม้ฝาแนวตั้ง,🅰️,20,7
ไม้ฝาเฌอร่า สีโอ๊คแดง,🅰️,20,7
แบบ ระเบียงบ้านไม้ระแนง,🅰️,20,7
ไม้ฉลุเชิงชาย เฌอร่า ราคา,🅰️,20,6
แบบบ้านน็อคดาวน์หลังเล็กๆ,🅰️,20,6
ไม้เฌอร่า ผนัง,🅰️,20,6
ไม้เชิงชายเฌอร่า 2 in 1,🅰️,20,6
shera sheet ceiling,🅰️,20,6
พื้นน้ำตาล,🅰️,20,5
ไม้ฝาเฌอร่า สีเทา,🅰️,20,5
แผ่นเฌอร่า ผนัง ราคา,🅰️,20,5
ไม้พื้นเฌอร่า ราคาต่อตารางเมตร,🅰️,20,5
ไม้ฝาเฌอร่า ยาวกี่เมตร,🅰️,20,4
shera plank catalogue,🅰️,20,4
ไม้ระแนงหลังคา,🅰️,20,4
เฌอร่าบอร์ด ลายอิฐ,🅰️,20,4
ทำ โรง จอด รถ,🅰️,20,4
shera wood planks,🅰️,20,3
ไม้ฝาบ้านแบบไหนดี,🅰️,20,3
ไม้รองพื้น,🅰️,20,3
แบบประตูเข้าบ้าน,🅰️,20,3
ระแนงบ้านโมเดิร์น,🅰️,20,3
ไม้ ฝา ไฟเบอร์ ซีเมนต์,🅰️,20,3
ฝา ผนังบ้าน,🅰️,20,3
wood style house,🅰️,20,3
สร้างบ้านด้วยแผ่นเรียบ,🅰️,20,3
แบบโครงสร้างหลังคานอร์ดิก,🅰️,20,3
แบบฝ้าเพดานไม้ระแนง,🅰️,20,3
บ้านสีลอฟ,🅰️,20,3
โครงไม้ระแนง,🅰️,20,3
ต่อ หลังคา โรงรถ,🅰️,20,3
ไม้ระแน,🅰️,20,3
ฟ่าหลังคา,🅰️,20,3
เพดาน ไม้ ระแนง,🅰️,20,3
เพิงจอดรถ,🅰️,20,3
บ้านไม้ฝาเฌอร่า ราคาถูกที่สุด,🅰️,20,2
ไม้ปูพื้นเฌอร่า ราคา,🅰️,20,2
หลังคา จอด รถ หน้า บ้าน,🅰️,20,2
ประตูห้องโมเดิร์น,🅰️,20,2
บ้านหลังคาสีน้ําตาล ตัวบ้านสีอะไรดี,🅰️,20,2
สี มิดไนท์,🅰️,20,2
ตกแต่งภายนอกบ้าน,🅰️,20,2
แบบเพดานห้องนอน,🅰️,20,2
ไม้ฝาผนังภายใน,🅰️,20,2
พื้นสไตล์ลอฟท์,🅰️,20,2
บ้าน น็อค ดาวน์ คือ,🅰️,20,2
แผ่นติดผนังบ้านไม้,🅰️,20,2
ฟ่าเพดาน,🅰️,20,2
สีท่าไม้,🅰️,20,2
ไม้ฝาตกแต่งผนัง,🅰️,20,2
แผ่นฝ้าเซาะร่อง,🅰️,20,2
ฝเา,🅰️,20,2
แบบบ้านน็อคดาวน์ มินิมอล,🅰️,20,2
ไม้บันไดภายนอก,🅰️,20,2
แต่งบ้านสไตล์ ลอฟท์,🅰️,20,2
ไม้พื้นราคาถูก,🅰️,20,2
เพดานลอฟท์,🅰️,20,2
กำแพงลอฟ,🅰️,20,2
แผ่นพื้นเฌอร่า ราคา,🅰️,20,2
ไม้รั้วเฌอร่า 3 นิ้ว ราคา,🅰️,20,2
shera board colours,🅰️,20,2
หลังคาโมเดิร์น2ชั้น,🅰️,20,2
ห้องแนวลอฟท์,🅰️,20,2
แบบบันไดนอกบ้านไม้,🅰️,20,2
ไม้ ฝ้า ระแนง,🅰️,20,2
ผนังไม้สวยๆ,🅰️,20,2
ทาสีเทา,🅰️,20,2
แบบบ้านสองชั้นมีระเบียง,🅰️,20,2
ไม้แผ่นเรียบ,🅰️,20,2
หลังคาสีน้ําตาลเข้ม ตัวบ้านสีอะไรดี,🅰️,20,2
บ้านสองชั้นมีระเบียง,🅰️,20,2
ทรงบ้านโมเดิร์น2ชั้น,🅰️,20,2
แบบบ้านทรง สี่เหลี่ยมผืนผ้า 2 ชั้น,🅰️,20,2
ฝ้า ภายนอก ระบาย อากาศ,🅰️,20,2
รั้ว โมเดิร์น,🅰️,20,2
บันได ลูกนอน,🅰️,20,2
บ้าน หลังคา สี น้ำตาล,🅰️,20,2
วัสดุแทนไม้,🅰️,20,2
หลังคาบ้านไม้สวยๆ,🅰️,20,2
soffit eaves,🅰️,20,2
พื้น ไฟเบอร์ ซีเมนต์,🅰️,20,2
แบบ โรง จอด รถ เสา เดียว,🅰️,20,2
โรงรถหรู,🅰️,20,2
ผนัง ไฟเบอร์ ซีเมนต์,🅰️,20,1
ลาย ฝ้า เพดาน สวย ๆ,🅰️,20,1
ไม้ฝา บังใบ,🅰️,20,1
ทาสีบ้านไม้ภายใน,🅰️,20,1
หลังคา จอดรถ,🅰️,20,1
ไม้เทียม ไฟเบอร์ซีเมนต์,🅰️,20,1
ฝ้าหลุม แบบฝ้าเพดานสวยๆ,🅰️,20,1
ทรงบ้านโมเดิร์น 2 ชั้น,🅰️,20,1
ขนาดไม้พื้น,🅰️,20,1
บัวบ้านโมเดิร์น,🅰️,20,1
eaves soffit,🅰️,20,1
ไม้ ฝา เฌอ ร่า 1 มัด มี กี่ แผ่น,🅰️,20,1
หลังคาสีน้ำตาล บ้านสีอะไร,🅰️,20,1
หลังคา ที่จอดรถ,🅰️,20,1
บ้าน2ชั้นมีระเบียง,🅰️,20,1
ชาน บ้าน ไม้,🅰️,20,1
ผนัง ห้อง สวย ๆ,🅰️,20,1
เชิงชายสําเร็จรูป 2 in 1,🅰️,20,1
แผ่นเฌอร่าปูพื้น,🅰️,20,1
ฝ้า ระแนงไม้,🅰️,20,1
ไม้ ฝา ผนัง ภายนอก,🅰️,20,1
พื้นไม้เทียมราคา,🅰️,20,1
สมาร์ทบอร์ด พื้น,🅰️,20,1
ทาสีบ้านโทนสีเทา,🅰️,20,1
ฟ้าบ้าน,🅰️,20,1
อุปกรณ์ทำผนังเบา,🅰️,20,1
แผ่นตกแต่งผนังห้อง,🅰️,20,1
สีทาไม้สีเทา,🅰️,20,1
บ้านน็อค ดาวน์ ราคา 50 000,🅰️,20,1
ฝ้าลอฟท์,🅰️,20,1
ต่อโรงจอดรถ,🅰️,20,1
แบบฝ้าหลุมสวยๆ ห้องรับแขก,🅰️,20,1
บ้านน็อคดาวน์โมเดิร์น 2ห้องนอน,🅰️,20,1
ประตูหน้าบ้านบานใหญ่,🅰️,20,1
แบบไม้ระแนง,🅰️,20,1
ไม้คิ้วเฌอร่า,🅰️,20,1
บ้าน ระแนง ไม้,🅰️,20,1
รั้ว ระแนง ไม้,🅰️,20,1
ฝ้าบ้านสวยๆ,🅰️,20,1
พื้นลอฟท์สวยๆ,🅰️,20,1
แบบประตูหน้าบ้านบานคู่,🅰️,20,1
ไม้มอบฝ้า ราคา,🅰️,20,1
ไม้ฝาเฌอร่าสีฟ้าอมเทา,🅰️,20,1
สีอะคริลิคทาไม้,🅰️,20,1
ฝาติดผนังห้อง,🅰️,20,1
แบบไม้ระแนงหน้าบ้าน,🅰️,20,1
ร้านขาย ฝ้าเพดาน ใกล้ฉัน,🅰️,20,1
ห้องนั่งเล่นสไตล์ลอฟท์,🅰️,20,1
กระเบื้องหลังคาสีน้ำตาล,🅰️,20,1
แผ่นฝ้าภายนอก,🅰️,20,1
รีโนเวทบ้านชั้นเดียว โมเดิร์น,🅰️,20,1
แบบเสาโรงจอดรถ,🅰️,20,1
ไม้ระแนง เฌอร่า,🅰️,10,18
รั้วบ้านไม้เฌอร่า,🅰️,10,17
ไม้พื้น เฌอร่า,🅰️,10,16
ห้องนอนไม้ฝาเฌอร่า,🅰️,10,15
สีบ้านไม้ฝาเฌอร่า,🅰️,10,14
แผ่นฝาเฌอร่า,🅰️,10,13
ไม้ฝาเฌอร่าสีแดงเชอรี่,🅰️,10,13
แผ่นระแนงเฌอร่า,🅰️,10,12
เฌอร่าบอร์ดปูพื้น,🅰️,10,11
รั้วบ้านไม้ฝาเฌอร่า,🅰️,10,9
เชอรา,🅰️,10,9
ระแนง แบบ ประตู รั้ว บ้าน ไม้ เฌอ ร่า,🅰️,10,7
ไม้ตกแต่ง เฌอร่า,🅰️,10,6
ฝ้าเพดานเฌอร่า,🅰️,10,6
เฌอร่า สาย5,🅰️,10,6
พื้นไม้เทียม เฌอร่า,🅰️,10,5
ไม้ฝาเฌอร่า สีขาว,🅰️,10,5
แบบโครงหลังคาเหล็กโรงรถ,🅰️,10,5
รสนิยม ประตู บ้าน โม เดิ ร์ น,🅰️,10,4
แผ่นพื้น เฌอร่า,🅰️,10,4
shera building solutions,🅰️,10,4
วิธีคํานวณ ไม้ฝาเฌอร่า,🅰️,10,4
ไม้ฝาเฌอร่า สีแดงเชอรี่,🅰️,10,4
แบบเชิงชายหน้าบ้าน,🅰️,10,4
cera sheet ceiling,🅰️,10,4
ชายคา หลังคา,🅰️,10,3
ไม้ เชิงชาย เฌอ ร่า 6 นิ้ว ราคา,🅰️,10,3
บ้านไม้ เฌอ ร่า งบ 200000,🅰️,10,3
หลังคา ไม้ ระแนง,🅰️,10,3
shera ceiling,🅰️,10,3
แบบเชิงชายสวยๆ,🅰️,10,3
รั้ว เฌอร่า,🅰️,10,3
แบบบ้านน็อคดาวน์สวยๆ ราคาถูก,🅰️,10,3
หลังคา ลาน จอด รถ,🅰️,10,3
ขนาด ไม้ เฌอ ร่า,🅰️,10,2
ประตู สไตล์ โม เดิ ร์ น,🅰️,10,2
shera board catalogue,🅰️,10,2
ไม้ฝ่า,🅰️,10,2
ชายหลังคาบ้าน,🅰️,10,2
ระเบียง ไม้ ระแนง ข้าง บ้าน,🅰️,10,2
บ้านไม้ระแนงสวยๆ,🅰️,10,2
สีทาไม้เฌอร่า ใช้สีอะไร,🅰️,10,2
shera board dealers near me,🅰️,10,2
แบบ ประตู ไม้ หน้า บ้าน โม เดิ ร์ น,🅰️,10,2
แบบฝ้าบ้านโมเดิร์น,🅰️,10,2
บัวหน้าต่างไม้,🅰️,10,2
พื้นไม้สำเร็จ,🅰️,10,2
ข้างฝาบ้าน,🅰️,10,2
บ้านโมเดิร์น 2 ชั้น ใหญ่,🅰️,10,2
พื้นไม้เทียม ระเบียง,🅰️,10,2
หลังคาสีน้ําตาล เชิงชายสีอะไร,🅰️,10,2
บ้าน modern loft,🅰️,10,2
ไม้ ฝา เฌอ ร่า ราคา แผ่น ละ,🅰️,10,2
สี ไม้ โอ๊ ค,🅰️,10,2
ฝ้า ระบายอากาศ,🅰️,10,2
ฝ้า ห้อง นอน สวย ๆ,🅰️,10,2
ไม้คิ้วบัว เฌอร่า,🅰️,10,2
แต่ง ผนัง บ้าน,🅰️,10,2
แบบ ที่ จอด รถ,🅰️,10,2
แบบโครงหลังคาจอดรถ,🅰️,10,2
shera wood ceiling,🅰️,10,1
แบบบ้านน็อคดาวน์ยกพื้น,🅰️,10,1
ไม้ ทำ รั้ว,🅰️,10,1
แบบโครงสร้างบ้านนอร์ดิก,🅰️,10,1
พื้น บันได ไม้ เทียม,🅰️,10,1
บ้านไม้หลังคาโมเดิร์น,🅰️,10,1
ไม้มอบฝ้ารอบนอก,🅰️,10,1
cool wooden houses,🅰️,10,1
ไม้ มอบ ฝ้า เพดาน,🅰️,10,1
ระแนง บัง แดด สํา เร็ จ รูป,🅰️,10,1
แบบฝาบ้าน,🅰️,10,1
cool wood houses,🅰️,10,1
พื้นบ้านสไตล์ลอฟท์,🅰️,10,1
ฝาบ้านแผ่นเรียบ,🅰️,10,1
ไม้ ฝา ระแนง,🅰️,10,1
วัสดุ มุงหลังคา,🅰️,10,1
ประตูรั้วไม้เฌอร่า ราคา,🅰️,10,1
บ้าน สวน น็อค ดาวน์,🅰️,10,1
งานฝ้าเพดานสวยๆ,🅰️,10,1
สี ระแนง ไม้,🅰️,10,1
แผ่นฝ้ารอบนอก,🅰️,10,1
บ้านราคา50000,🅰️,10,1
ไม่พื้น,🅰️,10,1
สีเชิงชายบ้าน,🅰️,10,1
บ้านหลังคาสีน้ำตาล ตัวบ้านสีอะไรดี,🅰️,10,1
ไม้รั้วบ้าน,🅰️,10,1
ไม่เชอร่า,🅰️,0,3
บ้าน ไม้ ฝา เฌอ ร่า สี เทา,🅰️,0,2
ไม้ ฝ้า ระแนง เฌอ ร่า,🅰️,0,2
shera deco board,🅰️,0,2
ฝา บ้าน ไม้ เฌอ ร่า,🅰️,0,2
เพดาน ลอฟท์,🅰️,0,1
ฝ้าเพดาน เฌอร่า,🅰️,0,1
เฌอ ร่า บอร์ด ลายไม้,🅰️,0,1
กฎหมาย ต่อ เติม หลังคา โรงรถ,🔍,0,0
ขอบหลังคาโรงรถ,🔍,0,0
งาน ต่อ เติม หลังคา โรงรถ,🔍,0,0
ดีไซน์หลังคาโรงรถ,🔍,0,0
ติด ตั้ง หลังคา โรงรถ,🔍,0,0
ติด ตั้ง หลังคา โรงรถ ราคา,🔍,0,0
ติดตั้งหลังคารถ,🔍,0,0
ติดตั้งหลังคารถกระบะ,🔍,0,0
ติดตั้งหลังคารถกระบะ ราคา,🔍,0,0
ต่อ หลังคา โรงรถ ราคา,🔍,0,0
ต่อ หลังคา โรงรถ หน้า บ้าน,🔍,0,0
ต่อ เติม หลังคา โรงรถ,🔍,0,0
ต่อ เติม หลังคา โรงรถ pantip,🔍,0,0
ต่อ เติม หลังคา โรงรถ ตาราง เมตร ละ,🔍,0,0
ต่อ เติม หลังคา โรงรถ ต้อง ขอ อนุญาต ไหม,🔍,0,0
ต่อ เติม หลังคา โรงรถ ราคา,🔍,0,0
ต่อ เติม หลังคา โรงรถ หน้า บ้าน,🔍,0,0
ต่อ เติม หลังคา โรงรถ เชียงใหม่,🔍,0,0
ต่อ เติม หลังคา โรงรถ เม ทั ล ชีท,🔍,0,0
ต่อ เติม หลังคา โรงรถ แบบ ไหน ดี,🔍,0,0
ต่อเติมหลังคาโรงรถข้างบ้าน,🔍,0,0
ต่อเติมหลังคาโรงรถทาวน์โฮม,🔍,0,0
ทํา หลังคา โรงรถ กี่ วัน,🔍,0,0
ทํา หลังคา โรงรถ ค่าแรง,🔍,0,0
ทํา หลังคา โรงรถ จําเป็น ต้อง ลง เข็ม แบบ ไหน ดี,🔍,0,0
ทํา หลังคา โรงรถ ต้อง ขอ อนุญาต ไหม,🔍,0,0
ทํา หลังคา โรงรถ นครปฐม,🔍,0,0
ทํา หลังคา โรงรถ นนทบุรี,🔍,0,0
ทํา หลังคา โรงรถ ราคา,🔍,0,0
ทํา หลังคา โรงรถ ราคา ถูก,🔍,0,0
ทํา หลังคา โรงรถ แบบ ไหน ดี,🔍,0,0
ทํา หลังคา โรงรถ ใช้ อะไร บ้าง,🔍,0,0
ยก หลังคา โรงรถ,🔍,0,0
รับ ติด ตั้ง หลังคา โรงรถ,🔍,0,0
รับ ต่อ เติม หลังคา โรงรถ,🔍,0,0
รับ ทํา หลังคา โรงรถ ราคา,🔍,0,0
ราคา หลังคา โรงรถ หน้า บ้าน,🔍,0,0
วัสดุ หลังคา โรงรถ pantip,🔍,0,0
สร้าง หลังคา โรงรถ ราคา,🔍,0,0
สี หลังคา โรงรถ,🔍,0,0
สีหลังคาโรงรถ เมทัลชีท,🔍,0,0
หลังคา กันแดด โรงรถ,🔍,0,0
หลังคา โรง จอด รถ วัสดุ,🔍,0,0
หลังคา โรงรถ 3 คัน,🔍,0,0
หลังคา โรงรถ scg ราคา,🔍,0,0
หลังคา โรงรถ กระจก,🔍,0,0
หลังคา โรงรถ กระเบื้อง,🔍,0,0
หลังคา โรงรถ กระเบื้อง ลอน คู่,🔍,0,0
หลังคา โรงรถ กว้าง 8 เมตร,🔍,0,0
หลังคา โรงรถ กัน ความ ร้อน,🔍,0,0
หลังคา โรงรถ กันสาด,🔍,0,0
หลังคา โรงรถ กี่ บาท,🔍,0,0
หลังคา โรงรถ กี่ องศา,🔍,0,0
หลังคา โรงรถ ขนาด,🔍,0,0
หลังคา โรงรถ ขนาด ใหญ่,🔍,0,0
หลังคา โรงรถ ขอนแก่น,🔍,0,0
หลังคา โรงรถ ขา เดียว,🔍,0,0
หลังคา โรงรถ ขาว,🔍,0,0
หลังคา โรงรถ ข้าง บ้าน,🔍,0,0
หลังคา โรงรถ ค สล,🔍,0,0
หลังคา โรงรถ ควร สูง กี่ เมตร,🔍,0,0
หลังคา โรงรถ ควร สูง เท่า ไหร่,🔍,0,0
หลังคา โรงรถ ควร เอียง กี่ องศา,🔍,0,0
หลังคา โรงรถ ควร ใช้ วัสดุ อะไร,🔍,0,0
หลังคา โรงรถ ควร ใช้ แบบ ไหน,🔍,0,0
หลังคา โรงรถ คอนกรีต,🔍,0,0
หลังคา โรงรถ ตรม ละ,🔍,0,0
หลังคา โรงรถ ตรม ละ กี่ บาท,🔍,0,0
หลังคา โรงรถ ติด กับ ตัว บ้าน,🔍,0,0
หลังคา โรงรถ ต้อง ลง เสาเข็ม ไหม,🔍,0,0
หลังคา โรงรถ ทรุด แก้ ยัง ไง,🔍,0,0
หลังคา โรงรถ ทาวน์ โฮม ราคา,🔍,0,0
หลังคา โรงรถ นครศรีธรรมราช,🔍,0,0
หลังคา โรงรถ นนทบุรี,🔍,0,0
หลังคา โรงรถ นอก บ้าน,🔍,0,0
หลังคา โรงรถ บ้าน,🔍,0,0
หลังคา โรงรถ บ้าน ชั้น เดียว,🔍,0,0
หลังคา โรงรถ บ้าน ทาวน์ โฮม,🔍,0,0
หลังคา โรงรถ บ้าน หรู,🔍,0,0
หลังคา โรงรถ บ้าน เดี่ยว,🔍,0,0
หลังคา โรงรถ บ้าน แฝด,🔍,0,0
หลังคา โรงรถ ฝ้า ระแนง,🔍,0,0
หลังคา โรงรถ ภาษา อังกฤษ,🔍,0,0
หลังคา โรงรถ มิ นิ มอ ล,🔍,0,0
หลังคา โรงรถ มี กี่ แบบ,🔍,0,0
หลังคา โรงรถ มี ดาดฟ้า,🔍,0,0
หลังคา โรงรถ มุง กระเบื้อง,🔍,0,0
หลังคา โรงรถ ยาว,🔍,0,0
หลังคา โรงรถ ยึด กับ ตัว บ้าน,🔍,0,0
หลังคา โรงรถ ยืด หด ได้,🔍,0,0
หลังคา โรงรถ ระยอง,🔍,0,0
หลังคา โรงรถ ระแนง,🔍,0,0
หลังคา โรงรถ ระแนง ไม้,🔍,0,0
หลังคา โรงรถ รั่ว,🔍,0,0
หลังคา โรงรถ ราคา pantip,🔍,0,0
หลังคา โรงรถ ราคา ประหยัด,🔍,0,0
หลังคา โรงรถ ราคา เท่า ไหร่,🔍,0,0
หลังคา โรงรถ ลง เสาเข็ม,🔍,0,0
หลังคา โรงรถ ลอน คู่,🔍,0,0
หลังคา โรงรถ ลายไม้,🔍,0,0
หลังคา โรงรถ วัสดุ,🔍,0,0
หลังคา โรงรถ วัสดุ อะไร ดี,🔍,0,0
หลังคา โรงรถ สวย,🔍,0,0
หลังคา โรงรถ สวย ๆ,🔍,0,0
หลังคา โรงรถ สังกะสี,🔍,0,0
หลังคา โรงรถ สี ขาว,🔍,0,0
หลังคา โรงรถ สี ครีม,🔍,0,0
หลังคา โรงรถ สี ดํา,🔍,0,0
หลังคา โรงรถ สี อะไร,🔍,0,0
หลังคา โรงรถ สี อะไร ดี,🔍,0,0
หลังคา โรงรถ สี เทา,🔍,0,0
หลังคา โรงรถ สูง,🔍,0,0
หลังคา โรงรถ สูง กี่ เมตร,🔍,0,0
หลังคา โรงรถ สูง เท่า ไหร่,🔍,0,0
หลังคา โรงรถ สไตล์ ญี่ปุ่น,🔍,0,0
หลังคา โรงรถ สไตล์ โม เดิ ร์ น,🔍,0,0
หลังคา โรงรถ สไลด์,🔍,0,0
หลังคา โรงรถ สํา เร็ จ รูป,🔍,0,0
หลังคา โรงรถ สํา เร็ จ รูป ราคา,🔍,0,0
หลังคา โรงรถ หน้า กว้าง,🔍,0,0
หลังคา โรงรถ หน้า บ้าน,🔍,0,0
หลังคา โรงรถ หน้า บ้าน ราคา,🔍,0,0
หลังคา โรงรถ หน้าจั่ว,🔍,0,0
หลังคา โรงรถ หาดใหญ่,🔍,0,0
หลังคา โรงรถ ห้าง,🔍,0,0
หลังคา โรงรถ อ ลู มิ เนียม,🔍,0,0
หลังคา โรงรถ อยุธยา,🔍,0,0
หลังคา โรงรถ อะไร ดี,🔍,0,0
หลังคา โรงรถ ฮ วง จุ้ย,🔍,0,0
หลังคา โรงรถ เจ้า ไหน ดี,🔍,0,0
หลังคา โรงรถ เม ทั ล ชีท สวย ๆ,🔍,0,0
หลังคา โรงรถ เสียง ไม่ ดัง,🔍,0,0
หลังคา โรงรถ เหล็ก,🔍,0,0
หลังคา โรงรถ เหล็ก ถัก,🔍,0,0
หลังคา โรงรถ เอียง กี่ องศา,🔍,0,0
หลังคา โรงรถ แบบ ต่างๆ,🔍,0,0
หลังคา โรงรถ แบบ ประหยัด,🔍,0,0
หลังคา โรงรถ แบบ ประหยัด pantip,🔍,0,0
หลังคา โรงรถ แบบ ปูน,🔍,0,0
หลังคา โรงรถ แบบ พับ ได้,🔍,0,0
หลังคา โรงรถ แบบ เปิด ปิด ได้,🔍,0,0
หลังคา โรงรถ แบบ โค้ง,🔍,0,0
หลังคา โรงรถ แบบ โค้ง ราคา,🔍,0,0
หลังคา โรงรถ แบบ โม เดิ ร์ น,🔍,0,0
หลังคา โรงรถ แบบ โรง จอด รถ พร้อม ประมาณ ราคา,🔍,0,0
หลังคา โรงรถ แบบ ใส,🔍,0,0
หลังคา โรงรถ แบบ ไม่มี เสา,🔍,0,0
หลังคา โรงรถ แบบ ไม่มี เสา ราคา,🔍,0,0
หลังคา โรงรถ แบบ ไหน ดี,🔍,0,0
หลังคา โรงรถ แบบ ไหน ดี pantip,🔍,0,0
หลังคา โรงรถ แบบ ไหน ดี ที่สุด,🔍,0,0
หลังคา โรงรถ แบบไหนดี,🔍,0,0
หลังคา โรงรถ โครง ถัก,🔍,0,0
หลังคา โรงรถ โครง เหล็ก,🔍,0,0
หลังคา โรงรถ โคราช,🔍,0,0
หลังคา โรงรถ โค้ง,🔍,0,0
หลังคา โรงรถ โชว์ เหล็ก,🔍,0,0
หลังคา โรงรถ โซ ล่า เซลล์,🔍,0,0
หลังคา โรงรถ โซ ล่า เซลล์ ราคา,🔍,0,0
หลังคา โรงรถ โปร่งแสง,🔍,0,0
หลังคา โรงรถ โพ ลี คาร์บอเนต,🔍,0,0
หลังคา โรงรถ โม เดิ ร์ น,🔍,0,0
หลังคา โรงรถ โม เดิ ร์ น ราคา,🔍,0,0
หลังคา โรงรถ โรง จอด รถ โม เดิ ร์ น,🔍,0,0
หลังคา โรงรถ โลตัส,🔍,0,0
หลังคา โรงรถ ใช้ วัสดุ อะไร ดี,🔍,0,0
หลังคา โรงรถ ใช้ อะไร ดี,🔍,0,0
หลังคา โรงรถ ใช้ เหล็ก ขนาด เท่า ไหร่,🔍,0,0
หลังคา โรงรถ ใช้ แบบ ไหน ดี,🔍,0,0
หลังคา โรงรถ ไม่ ร้อน,🔍,0,0
หลังคา โรงรถ ไม่ ลง เข็ม pantip,🔍,0,0
หลังคา โรงรถ ไม่ ใส่ รางน้ํา,🔍,0,0
หลังคา โรงรถ ไม่มี เสา pantip,🔍,0,0
หลังคา โรงรถ ไม่มี เสา หน้า,🔍,0,0
หลังคา โรงรถ ไม้ ระแนง,🔍,0,0
หลังคา โรงรถ ไร้ เสา,🔍,0,0
หลังคา โรงรถ ไว นิล,🔍,0,0
หลังคา โรงรถ ไว นิล ท้อง เรียบ,🔍,0,0
หลังคา โรงรถ ไว นิล ราคา,🔍,0,0
หลังคาเหล็ก รถถัง,🔍,0,0
หลังคาโรงรถ 2 คัน,🔍,0,0
หลังคาโรงรถ pantip,🔍,0,0
หลังคาโรงรถ pu foam,🔍,0,0
หลังคาโรงรถ scg,🔍,0,0
หลังคาโรงรถ upvc,🔍,0,0
หลังคาโรงรถ ขึ้นสนิม,🔍,0,0
หลังคาโรงรถ ตารางเมตรละ,🔍,0,0
หลังคาโรงรถ ทรงโมเดิร์น,🔍,0,0
หลังคาโรงรถ บ้านจัดสรร,🔍,0,0
หลังคาโรงรถ ภาษาอังกฤษ,🔍,0,0
หลังคาโรงรถ ราคา,🔍,0,0
หลังคาโรงรถ ราคาถูก,🔍,0,0
หลังคาโรงรถ สีน้ําตาล,🔍,0,0
หลังคาโรงรถ อลูมิเนียม,🔍,0,0
หลังคาโรงรถ เมทัลชีท,🔍,0,0
หลังคาโรงรถ เมทัลชีท ราคา,🔍,0,0
หลังคาโรงรถ แบบพับได้ ราคา,🔍,0,0
หลังคาโรงรถ แบบไหนดี,🔍,0,0
หลังคาโรงรถ โซล่าเซลล์,🔍,0,0
หลังคาโรงรถ โพลี,🔍,0,0
หลังคาโรงรถ ใช้วัสดุอะไรดี,🔍,0,0
หลังคาโรงรถ ไทวัสดุ,🔍,0,0
หลังคาโรงรถ ไฟเบอร์กลาส,🔍,0,0
หลังคาโรงรถ ไม่มีเสา,🔍,0,0
หลังคาโรงรถ ไม้,🔍,0,0
หลังคาโรงรถ ไวนิล,🔍,0,0
หลังคาโรงรถซ่อนราง น้ํา,🔍,0,0
หลังคาโรงรถนอร์ดิก,🔍,0,0
หลังคาโรงรถน็อคดาวน์,🔍,0,0
หลังคาโรงรถน้ําหนักเบา,🔍,0,0
หลังคาโรงรถบ้านโมเดิร์น,🔍,0,0
หลังคาโรงรถพียูโฟม,🔍,0,0
หลังคาโรงรถมีกี่แบบ,🔍,0,0
หลังคาโรงรถยื่น,🔍,0,0
หลังคาโรงรถสูงกี่เมตร,🔍,0,0
หลังคาโรงรถสูงเท่าไหร่,🔍,0,0
หลังคาโรงรถสําเร็จรูป,🔍,0,0
หลังคาโรงรถหน้า บ้าน สวยๆ,🔍,0,0
หลังคาโรงรถหรู,🔍,0,0
หลังคาโรงรถอะคริลิค,🔍,0,0
หลังคาโรงรถเมทัลชีท,🔍,0,0
หลังคาโรงรถเมทัลชีท ตารางเมตรละ,🔍,0,0
หลังคาโรงรถแบบต่างๆ,🔍,0,0
หลังคาโรงรถแบบประหยัด,🔍,0,0
หลังคาโรงรถแบบประหยัด pantip,🔍,0,0
หลังคาโรงรถแบบใส,🔍,0,0
หลังคาโรงรถแบบไม่มีเสา,🔍,0,0
หลังคาโรงรถแบบไหนดี pantip,🔍,0,0
หลังคาโรงรถแบบไหนดีที่สุด,🔍,0,0
หลังคาโรงรถโซล่า,🔍,0,0
หลังคาโรงรถโซล่าเซลล์,🔍,0,0
หลังคาโรงรถโมเดิร์น,🔍,0,0
หลังคาโรงรถโมเดิร์นสวยๆ,🔍,0,0
หลังคาโรงรถใช้วัสดุอะไรดี,🔍,0,0
หลังคาโรงรถใช้เหล็กอะไร,🔍,0,0
หลังคาโรงรถไม่ยึดตัวบ้าน,🔍,0,0
หลังคาโรงรถไม่ลงเสาเข็ม,🔍,0,0
หลังคาโรงรถไวนิล,🔍,0,0
ออกแบบ หลังคา โรงรถ,🔍,0,0
ฮ วง จุ้ย หลังคา โรงรถ หน้า บ้าน,🔍,0,0
เปลี่ยน หลังคา โรงรถ ราคา,🔍,0,0
เปลี่ยน หลังคา โรงรถ เป็น ดาดฟ้า,🔍,0,0
เหล็กหลังคาโรงรถ,🔍,0,0
เหล็กโครงหลังคาโรงรถ,🔍,0,0
แบบ ต่อ เติม หลังคา โรงรถ,🔍,0,0
แบบ หลังคา โรงรถ,🔍,0,0
แบบ หลังคา โรงรถ cad,🔍,0,0
แบบ หลังคา โรงรถ กระเบื้อง,🔍,0,0
แบบ หลังคา โรงรถ ข้าง บ้าน,🔍,0,0
แบบ หลังคา โรงรถ ง่ายๆ,🔍,0,0
แบบ หลังคา โรงรถ ซ่อน รางน้ํา,🔍,0,0
แบบ หลังคา โรงรถ ทรง จั่ว,🔍,0,0
แบบ หลังคา โรงรถ ทาวน์ โฮม,🔍,0,0
แบบ หลังคา โรงรถ ราคา ถูก,🔍,0,0
แบบ หลังคา โรงรถ สวย ๆ,🔍,0,0
แบบ หลังคา โรงรถ หน้า บ้าน,🔍,0,0
แบบ หลังคา โรงรถ เม ทั ล ชีท,🔍,0,0
แบบ หลังคา โรงรถ เสา เดียว,🔍,0,0
แบบ หลังคา โรงรถ โซ ล่า เซลล์,🔍,0,0
แบบ หลังคา โรงรถ โม เดิ ร์ น,🔍,0,0
แบบ โครง หลังคา เหล็ก โรงรถ,🔍,0,0
โครง หลังคา โรงรถ ราคา,🔍,0,0
โครง หลังคา โรงรถ สวย ๆ,🔍,0,0
โครง หลังคา โรงรถ หน้า บ้าน,🔍,0,0
